R,depth,width,seed,K,s2,rel
0.8,2,4,0,0.5,0.8977818842738932,0.9919816501875166
0.8,2,4,0,0.0,1.0,1.0
0.8,2,4,0,-0.5,1.1113232970947498,1.0452505795548674
0.8,2,4,0,-1.0,1.2323941181210039,1.0996578585046959
0.8,2,4,0,-2.0,1.5065359277077244,1.2268398327844297
0.8,2,4,0,-4.0,2.204423086043723,1.5893720928403021
0.8,2,4,0,-6.0,3.1496856357366823,2.075903868723834
0.8,2,4,1,0.5,0.8977818842738932,0.9948515618517472
0.8,2,4,1,0.0,1.0,1.0
0.8,2,4,1,-0.5,1.1113232970947498,1.0540696865971977
0.8,2,4,1,-1.0,1.2323941181210039,1.1120632051929313
0.8,2,4,1,-2.0,1.5065359277077244,1.2392055704329323
0.8,2,4,1,-4.0,2.204423086043723,1.5548127056343648
0.8,2,4,1,-6.0,3.1496856357366823,1.947381754545164
0.8,2,4,2,0.5,0.8977818842738932,0.9819168263517855
0.8,2,4,2,0.0,1.0,1.0
0.8,2,4,2,-0.5,1.1113232970947498,1.1387784301527115
0.8,2,4,2,-1.0,1.2323941181210039,1.314570897832608
0.8,2,4,2,-2.0,1.5065359277077244,1.808784171707385
0.8,2,4,2,-4.0,2.204423086043723,3.582374070989178
0.8,2,4,2,-6.0,3.1496856357366823,7.065409273598615
0.8,2,4,3,0.5,0.8977818842738932,0.9666098751845807
0.8,2,4,3,0.0,1.0,1.0
0.8,2,4,3,-0.5,1.1113232970947498,1.1435002259475169
0.8,2,4,3,-1.0,1.2323941181210039,1.3313273773491463
0.8,2,4,3,-2.0,1.5065359277077244,1.8641668053476308
0.8,2,4,3,-4.0,2.204423086043723,3.921917091275929
0.8,2,4,3,-6.0,3.1496856357366823,8.283940282985704
0.8,2,4,4,0.5,0.8977818842738932,0.9851176610205596
0.8,2,4,4,0.0,1.0,1.0
0.8,2,4,4,-0.5,1.1113232970947498,1.0336789579809549
0.8,2,4,4,-1.0,1.2323941181210039,1.069232539034864
0.8,2,4,4,-2.0,1.5065359277077244,1.1920130431075822
0.8,2,4,4,-4.0,2.204423086043723,1.601343034642827
0.8,2,4,4,-6.0,3.1496856357366823,2.156206351698422
0.8,2,4,5,0.5,0.8977818842738932,0.9848522670482727
0.8,2,4,5,0.0,1.0,1.0
0.8,2,4,5,-0.5,1.1113232970947498,1.0394956587897486
0.8,2,4,5,-1.0,1.2323941181210039,1.0845938872599215
0.8,2,4,5,-2.0,1.5065359277077244,1.2265407581767955
0.8,2,4,5,-4.0,2.204423086043723,1.7109935649255914
0.8,2,4,5,-6.0,3.1496856357366823,2.4129311314379334
0.8,2,4,6,0.5,0.8977818842738932,0.9771085353065506
0.8,2,4,6,0.0,1.0,1.0
0.8,2,4,6,-0.5,1.1113232970947498,1.0652582514951408
0.8,2,4,6,-1.0,1.2323941181210039,1.134665257374417
0.8,2,4,6,-2.0,1.5065359277077244,1.3253330067398017
0.8,2,4,6,-4.0,2.204423086043723,1.801191857063697
0.8,2,4,6,-6.0,3.1496856357366823,2.569683725108325
0.8,2,4,7,0.5,0.8977818842738932,0.9791415840865452
0.8,2,4,7,0.0,1.0,1.0
0.8,2,4,7,-0.5,1.1113232970947498,1.0360381565363463
0.8,2,4,7,-1.0,1.2323941181210039,1.079505612626676
0.8,2,4,7,-2.0,1.5065359277077244,1.184182717351755
0.8,2,4,7,-4.0,2.204423086043723,1.4884213944778284
0.8,2,4,7,-6.0,3.1496856357366823,1.9796106617850284
0.8,2,4,8,0.5,0.8977818842738932,0.9816115938812999
0.8,2,4,8,0.0,1.0,1.0
0.8,2,4,8,-0.5,1.1113232970947498,1.0340887178884453
0.8,2,4,8,-1.0,1.2323941181210039,1.0634395352364907
0.8,2,4,8,-2.0,1.5065359277077244,1.1601804364510437
0.8,2,4,8,-4.0,2.204423086043723,1.4975459884618396
0.8,2,4,8,-6.0,3.1496856357366823,2.0215853284485155
0.8,2,4,9,0.5,0.8977818842738932,0.9888424389934113
0.8,2,4,9,0.0,1.0,1.0
0.8,2,4,9,-0.5,1.1113232970947498,1.053172347834867
0.8,2,4,9,-1.0,1.2323941181210039,1.1156802632984248
0.8,2,4,9,-2.0,1.5065359277077244,1.2715441129915122
0.8,2,4,9,-4.0,2.204423086043723,1.720046109265675
0.8,2,4,9,-6.0,3.1496856357366823,2.3296421447122526
0.8,2,4,10,0.5,0.8977818842738932,0.9877928854028769
0.8,2,4,10,0.0,1.0,1.0
0.8,2,4,10,-0.5,1.1113232970947498,1.0661650540356784
0.8,2,4,10,-1.0,1.2323941181210039,1.1404340807604278
0.8,2,4,10,-2.0,1.5065359277077244,1.3043038987558515
0.8,2,4,10,-4.0,2.204423086043723,1.7144337211258278
0.8,2,4,10,-6.0,3.1496856357366823,2.258009825464001
0.8,2,4,11,0.5,0.8977818842738932,0.9891583261531808
0.8,2,4,11,0.0,1.0,1.0
0.8,2,4,11,-0.5,1.1113232970947498,1.039204543248874
0.8,2,4,11,-1.0,1.2323941181210039,1.078405456849721
0.8,2,4,11,-2.0,1.5065359277077244,1.1754343433263323
0.8,2,4,11,-4.0,2.204423086043723,1.392533894196042
0.8,2,4,11,-6.0,3.1496856357366823,1.6764436450729703
0.8,2,4,12,0.5,0.8977818842738932,0.9663638399961381
0.8,2,4,12,0.0,1.0,1.0
0.8,2,4,12,-0.5,1.1113232970947498,1.045162627298336
0.8,2,4,12,-1.0,1.2323941181210039,1.09672372830982
0.8,2,4,12,-2.0,1.5065359277077244,1.1936513831992817
0.8,2,4,12,-4.0,2.204423086043723,1.459875275781583
0.8,2,4,12,-6.0,3.1496856357366823,1.7719345919732978
0.8,2,4,13,0.5,0.8977818842738932,0.976309375309842
0.8,2,4,13,0.0,1.0,1.0
0.8,2,4,13,-0.5,1.1113232970947498,1.0607577831002344
0.8,2,4,13,-1.0,1.2323941181210039,1.1325885122500603
0.8,2,4,13,-2.0,1.5065359277077244,1.3033653532161862
0.8,2,4,13,-4.0,2.204423086043723,1.9649107813525908
0.8,2,4,13,-6.0,3.1496856357366823,3.163901034836279
0.8,2,4,14,0.5,0.8977818842738932,0.9871670597241404
0.8,2,4,14,0.0,1.0,1.0
0.8,2,4,14,-0.5,1.1113232970947498,1.013514802377985
0.8,2,4,14,-1.0,1.2323941181210039,1.0294968351871066
0.8,2,4,14,-2.0,1.5065359277077244,1.0607291586831482
0.8,2,4,14,-4.0,2.204423086043723,1.1491394363981717
0.8,2,4,14,-6.0,3.1496856357366823,1.2314803131818293
0.8,2,4,15,0.5,0.8977818842738932,0.9937607483527826
0.8,2,4,15,0.0,1.0,1.0
0.8,2,4,15,-0.5,1.1113232970947498,1.2100778903559715
0.8,2,4,15,-1.0,1.2323941181210039,1.4768485815192163
0.8,2,4,15,-2.0,1.5065359277077244,2.229915995936968
0.8,2,4,15,-4.0,2.204423086043723,5.134772083554115
0.8,2,4,15,-6.0,3.1496856357366823,11.749364081455369
0.8,2,4,16,0.5,0.8977818842738932,0.9918295259292627
0.8,2,4,16,0.0,1.0,1.0
0.8,2,4,16,-0.5,1.1113232970947498,1.1019799293036507
0.8,2,4,16,-1.0,1.2323941181210039,1.2228528175653184
0.8,2,4,16,-2.0,1.5065359277077244,1.5114752744962288
0.8,2,4,16,-4.0,2.204423086043723,2.3747372015498724
0.8,2,4,16,-6.0,3.1496856357366823,3.6650155346248816
0.8,2,4,17,0.5,0.8977818842738932,0.9825553594774503
0.8,2,4,17,0.0,1.0,1.0
0.8,2,4,17,-0.5,1.1113232970947498,1.0823564733327473
0.8,2,4,17,-1.0,1.2323941181210039,1.1973566550768944
0.8,2,4,17,-2.0,1.5065359277077244,1.4773102057602288
0.8,2,4,17,-4.0,2.204423086043723,2.3263961494717273
0.8,2,4,17,-6.0,3.1496856357366823,3.675085477431911
0.8,2,4,18,0.5,0.8977818842738932,0.9857656528016026
0.8,2,4,18,0.0,1.0,1.0
0.8,2,4,18,-0.5,1.1113232970947498,1.0555062527989503
0.8,2,4,18,-1.0,1.2323941181210039,1.1217718004181416
0.8,2,4,18,-2.0,1.5065359277077244,1.26941295164454
0.8,2,4,18,-4.0,2.204423086043723,1.6513616029667846
0.8,2,4,18,-6.0,3.1496856357366823,2.141089441918719
0.8,2,4,19,0.5,0.8977818842738932,0.986737827668252
0.8,2,4,19,0.0,1.0,1.0
0.8,2,4,19,-0.5,1.1113232970947498,1.0608177192157664
0.8,2,4,19,-1.0,1.2323941181210039,1.1328684060709047
0.8,2,4,19,-2.0,1.5065359277077244,1.3164846203015963
0.8,2,4,19,-4.0,2.204423086043723,1.8794070174888604
0.8,2,4,19,-6.0,3.1496856357366823,2.768910501902762
0.8,2,4,20,0.5,0.8977818842738932,0.9943035802000137
0.8,2,4,20,0.0,1.0,1.0
0.8,2,4,20,-0.5,1.1113232970947498,1.2392181932281614
0.8,2,4,20,-1.0,1.2323941181210039,1.583255599783172
0.8,2,4,20,-2.0,1.5065359277077244,2.6339120643672307
0.8,2,4,20,-4.0,2.204423086043723,7.249212129014815
0.8,2,4,20,-6.0,3.1496856357366823,18.913313954086767
0.8,2,4,21,0.5,0.8977818842738932,0.9924674742197657
0.8,2,4,21,0.0,1.0,1.0
0.8,2,4,21,-0.5,1.1113232970947498,1.032811432923578
0.8,2,4,21,-1.0,1.2323941181210039,1.0672994275625485
0.8,2,4,21,-2.0,1.5065359277077244,1.1412434454819018
0.8,2,4,21,-4.0,2.204423086043723,1.3351842405694954
0.8,2,4,21,-6.0,3.1496856357366823,1.5705361191014446
0.8,2,4,22,0.5,0.8977818842738932,0.9824808045148619
0.8,2,4,22,0.0,1.0,1.0
0.8,2,4,22,-0.5,1.1113232970947498,1.0431275123770756
0.8,2,4,22,-1.0,1.2323941181210039,1.0915487195413485
0.8,2,4,22,-2.0,1.5065359277077244,1.2240343643414278
0.8,2,4,22,-4.0,2.204423086043723,1.646557592985991
0.8,2,4,22,-6.0,3.1496856357366823,2.2371173268964326
0.8,2,4,23,0.5,0.8977818842738932,0.9760666884317369
0.8,2,4,23,0.0,1.0,1.0
0.8,2,4,23,-0.5,1.1113232970947498,1.082151234358343
0.8,2,4,23,-1.0,1.2323941181210039,1.222709084073711
0.8,2,4,23,-2.0,1.5065359277077244,1.7862375725006252
0.8,2,4,23,-4.0,2.204423086043723,3.9808415878394916
0.8,2,4,23,-6.0,3.1496856357366823,8.67277903783193
0.8,2,4,24,0.5,0.8977818842738932,0.9785687616446836
0.8,2,4,24,0.0,1.0,1.0
0.8,2,4,24,-0.5,1.1113232970947498,1.050547413752714
0.8,2,4,24,-1.0,1.2323941181210039,1.1061165123468581
0.8,2,4,24,-2.0,1.5065359277077244,1.2341376814951397
0.8,2,4,24,-4.0,2.204423086043723,1.5367476741554276
0.8,2,4,24,-6.0,3.1496856357366823,1.9494995049778001
0.8,2,4,25,0.5,0.8977818842738932,0.9883461071385985
0.8,2,4,25,0.0,1.0,1.0
0.8,2,4,25,-0.5,1.1113232970947498,1.024282510224206
0.8,2,4,25,-1.0,1.2323941181210039,1.059790028281586
0.8,2,4,25,-2.0,1.5065359277077244,1.1279908178749591
0.8,2,4,25,-4.0,2.204423086043723,1.2889985422066113
0.8,2,4,25,-6.0,3.1496856357366823,1.5060231368211972
0.8,2,4,26,0.5,0.8977818842738932,0.9880374634809118
0.8,2,4,26,0.0,1.0,1.0
0.8,2,4,26,-0.5,1.1113232970947498,1.162590863509669
0.8,2,4,26,-1.0,1.2323941181210039,1.3925028877501797
0.8,2,4,26,-2.0,1.5065359277077244,2.0464968293425674
0.8,2,4,26,-4.0,2.204423086043723,4.486714353974968
0.8,2,4,26,-6.0,3.1496856357366823,9.772838144160634
0.8,2,4,27,0.5,0.8977818842738932,0.9861414271914339
0.8,2,4,27,0.0,1.0,1.0
0.8,2,4,27,-0.5,1.1113232970947498,1.0691269452819043
0.8,2,4,27,-1.0,1.2323941181210039,1.1615117520955194
0.8,2,4,27,-2.0,1.5065359277077244,1.5458261903785115
0.8,2,4,27,-4.0,2.204423086043723,2.8922344080186906
0.8,2,4,27,-6.0,3.1496856357366823,5.458737137006854
0.8,2,4,28,0.5,0.8977818842738932,0.9813820923536887
0.8,2,4,28,0.0,1.0,1.0
0.8,2,4,28,-0.5,1.1113232970947498,1.0517129853662288
0.8,2,4,28,-1.0,1.2323941181210039,1.130396375241
0.8,2,4,28,-2.0,1.5065359277077244,1.3150932721521784
0.8,2,4,28,-4.0,2.204423086043723,1.791507855462437
0.8,2,4,28,-6.0,3.1496856357366823,2.4842501777508725
0.8,2,4,29,0.5,0.8977818842738932,0.9674428473972846
0.8,2,4,29,0.0,1.0,1.0
0.8,2,4,29,-0.5,1.1113232970947498,1.087804770017841
0.8,2,4,29,-1.0,1.2323941181210039,1.1842812216386691
0.8,2,4,29,-2.0,1.5065359277077244,1.4034326924248828
0.8,2,4,29,-4.0,2.204423086043723,1.9949340289002817
0.8,2,4,29,-6.0,3.1496856357366823,2.8709045884483655
0.8,2,4,30,0.5,0.8977818842738932,0.9870294836074593
0.8,2,4,30,0.0,1.0,1.0
0.8,2,4,30,-0.5,1.1113232970947498,1.0508480901531552
0.8,2,4,30,-1.0,1.2323941181210039,1.1046464331906025
0.8,2,4,30,-2.0,1.5065359277077244,1.2356419975181179
0.8,2,4,30,-4.0,2.204423086043723,1.5629752062408306
0.8,2,4,30,-6.0,3.1496856357366823,1.9844925003517366
0.8,2,4,31,0.5,0.8977818842738932,0.9982891129738543
0.8,2,4,31,0.0,1.0,1.0
0.8,2,4,31,-0.5,1.1113232970947498,1.0360436881613273
0.8,2,4,31,-1.0,1.2323941181210039,1.0756935162906678
0.8,2,4,31,-2.0,1.5065359277077244,1.1538232414405245
0.8,2,4,31,-4.0,2.204423086043723,1.3392464606977095
0.8,2,4,31,-6.0,3.1496856357366823,1.5549048660518356
0.8,2,4,32,0.5,0.8977818842738932,0.975281555060637
0.8,2,4,32,0.0,1.0,1.0
0.8,2,4,32,-0.5,1.1113232970947498,1.0364191538933132
0.8,2,4,32,-1.0,1.2323941181210039,1.1419123805945013
0.8,2,4,32,-2.0,1.5065359277077244,1.4449153918353907
0.8,2,4,32,-4.0,2.204423086043723,2.290666336517368
0.8,2,4,32,-6.0,3.1496856357366823,3.5796068396178744
0.8,2,4,33,0.5,0.8977818842738932,0.9735656743969647
0.8,2,4,33,0.0,1.0,1.0
0.8,2,4,33,-0.5,1.1113232970947498,1.080780407691948
0.8,2,4,33,-1.0,1.2323941181210039,1.1698169597535872
0.8,2,4,33,-2.0,1.5065359277077244,1.4162392676038609
0.8,2,4,33,-4.0,2.204423086043723,2.1752344513289774
0.8,2,4,33,-6.0,3.1496856357366823,3.5072023144740334
0.8,2,4,34,0.5,0.8977818842738932,0.9822413001954498
0.8,2,4,34,0.0,1.0,1.0
0.8,2,4,34,-0.5,1.1113232970947498,1.032173123315905
0.8,2,4,34,-1.0,1.2323941181210039,1.0724695728573825
0.8,2,4,34,-2.0,1.5065359277077244,1.1533115252871455
0.8,2,4,34,-4.0,2.204423086043723,1.3336928985097796
0.8,2,4,34,-6.0,3.1496856357366823,1.5731688539598034
0.8,2,4,35,0.5,0.8977818842738932,0.9570326607529483
0.8,2,4,35,0.0,1.0,1.0
0.8,2,4,35,-0.5,1.1113232970947498,1.1667965320308282
0.8,2,4,35,-1.0,1.2323941181210039,1.3767902974390005
0.8,2,4,35,-2.0,1.5065359277077244,1.907207544822619
0.8,2,4,35,-4.0,2.204423086043723,3.5927882547171577
0.8,2,4,35,-6.0,3.1496856357366823,6.570429580933106
0.8,2,4,36,0.5,0.8977818842738932,0.9842611044895524
0.8,2,4,36,0.0,1.0,1.0
0.8,2,4,36,-0.5,1.1113232970947498,1.0555139804052285
0.8,2,4,36,-1.0,1.2323941181210039,1.1189201428945788
0.8,2,4,36,-2.0,1.5065359277077244,1.2748009020085809
0.8,2,4,36,-4.0,2.204423086043723,1.6795266919398313
0.8,2,4,36,-6.0,3.1496856357366823,2.277729826305189
0.8,2,4,37,0.5,0.8977818842738932,0.9869045418439744
0.8,2,4,37,0.0,1.0,1.0
0.8,2,4,37,-0.5,1.1113232970947498,1.0291336780971745
0.8,2,4,37,-1.0,1.2323941181210039,1.063208757859694
0.8,2,4,37,-2.0,1.5065359277077244,1.1453027305507342
0.8,2,4,37,-4.0,2.204423086043723,1.3271130074259103
0.8,2,4,37,-6.0,3.1496856357366823,1.5606750553245614
0.8,2,4,38,0.5,0.8977818842738932,0.9791842897728936
0.8,2,4,38,0.0,1.0,1.0
0.8,2,4,38,-0.5,1.1113232970947498,1.025428168586526
0.8,2,4,38,-1.0,1.2323941181210039,1.0602191341024159
0.8,2,4,38,-2.0,1.5065359277077244,1.2209891522102836
0.8,2,4,38,-4.0,2.204423086043723,1.6228849819942797
0.8,2,4,38,-6.0,3.1496856357366823,2.210186613860094
0.8,2,4,39,0.5,0.8977818842738932,0.9858956335439576
0.8,2,4,39,0.0,1.0,1.0
0.8,2,4,39,-0.5,1.1113232970947498,1.0575620942892114
0.8,2,4,39,-1.0,1.2323941181210039,1.1162972136144789
0.8,2,4,39,-2.0,1.5065359277077244,1.2554531699823492
0.8,2,4,39,-4.0,2.204423086043723,1.5890587285239057
0.8,2,4,39,-6.0,3.1496856357366823,2.015152707852185
0.8,2,4,40,0.5,0.8977818842738932,0.9819900342908944
0.8,2,4,40,0.0,1.0,1.0
0.8,2,4,40,-0.5,1.1113232970947498,1.0599531232715678
0.8,2,4,40,-1.0,1.2323941181210039,1.1323994321447612
0.8,2,4,40,-2.0,1.5065359277077244,1.3354583345467586
0.8,2,4,40,-4.0,2.204423086043723,1.8963875014832121
0.8,2,4,40,-6.0,3.1496856357366823,2.7568165404636007
0.8,2,4,41,0.5,0.8977818842738932,0.9877430941851475
0.8,2,4,41,0.0,1.0,1.0
0.8,2,4,41,-0.5,1.1113232970947498,1.0700032250097322
0.8,2,4,41,-1.0,1.2323941181210039,1.1584652860120181
0.8,2,4,41,-2.0,1.5065359277077244,1.3890100492300466
0.8,2,4,41,-4.0,2.204423086043723,2.043487323521823
0.8,2,4,41,-6.0,3.1496856357366823,3.0288536502405763
0.8,2,4,42,0.5,0.8977818842738932,0.9902513485285114
0.8,2,4,42,0.0,1.0,1.0
0.8,2,4,42,-0.5,1.1113232970947498,1.0803508435088045
0.8,2,4,42,-1.0,1.2323941181210039,1.1713326154298092
0.8,2,4,42,-2.0,1.5065359277077244,1.393242551983769
0.8,2,4,42,-4.0,2.204423086043723,1.9833295272441318
0.8,2,4,42,-6.0,3.1496856357366823,2.830032473141227
0.8,2,4,43,0.5,0.8977818842738932,0.9782061100403859
0.8,2,4,43,0.0,1.0,1.0
0.8,2,4,43,-0.5,1.1113232970947498,1.0293821184760719
0.8,2,4,43,-1.0,1.2323941181210039,1.0618346016513796
0.8,2,4,43,-2.0,1.5065359277077244,1.1353400951903834
0.8,2,4,43,-4.0,2.204423086043723,1.3723605824372167
0.8,2,4,43,-6.0,3.1496856357366823,1.657695424463158
0.8,2,4,44,0.5,0.8977818842738932,0.9886385663894677
0.8,2,4,44,0.0,1.0,1.0
0.8,2,4,44,-0.5,1.1113232970947498,1.0369261133373293
0.8,2,4,44,-1.0,1.2323941181210039,1.072845653999403
0.8,2,4,44,-2.0,1.5065359277077244,1.1656555418177978
0.8,2,4,44,-4.0,2.204423086043723,1.3694849207162922
0.8,2,4,44,-6.0,3.1496856357366823,1.6435245346784677
0.8,2,4,45,0.5,0.8977818842738932,0.9801687090214865
0.8,2,4,45,0.0,1.0,1.0
0.8,2,4,45,-0.5,1.1113232970947498,1.0324736189871746
0.8,2,4,45,-1.0,1.2323941181210039,1.0709147438138318
0.8,2,4,45,-2.0,1.5065359277077244,1.18581000610964
0.8,2,4,45,-4.0,2.204423086043723,1.532197175321645
0.8,2,4,45,-6.0,3.1496856357366823,2.0356514715546297
0.8,2,4,46,0.5,0.8977818842738932,0.979584614513675
0.8,2,4,46,0.0,1.0,1.0
0.8,2,4,46,-0.5,1.1113232970947498,1.0335077435917825
0.8,2,4,46,-1.0,1.2323941181210039,1.068255157597985
0.8,2,4,46,-2.0,1.5065359277077244,1.1518132192395503
0.8,2,4,46,-4.0,2.204423086043723,1.3487869315241574
0.8,2,4,46,-6.0,3.1496856357366823,1.588207174210293
0.8,2,4,47,0.5,0.8977818842738932,0.9896468481532438
0.8,2,4,47,0.0,1.0,1.0
0.8,2,4,47,-0.5,1.1113232970947498,1.0250779443718148
0.8,2,4,47,-1.0,1.2323941181210039,1.0529039094454917
0.8,2,4,47,-2.0,1.5065359277077244,1.1099247098493104
0.8,2,4,47,-4.0,2.204423086043723,1.2518263453669363
0.8,2,4,47,-6.0,3.1496856357366823,1.4157671527622349
0.8,2,4,48,0.5,0.8977818842738932,0.992188625146975
0.8,2,4,48,0.0,1.0,1.0
0.8,2,4,48,-0.5,1.1113232970947498,1.0729056346335166
0.8,2,4,48,-1.0,1.2323941181210039,1.1681268232396067
0.8,2,4,48,-2.0,1.5065359277077244,1.4168360899310777
0.8,2,4,48,-4.0,2.204423086043723,2.153182629001149
0.8,2,4,48,-6.0,3.1496856357366823,3.3357645516187615
0.8,2,4,49,0.5,0.8977818842738932,0.9855416436150729
0.8,2,4,49,0.0,1.0,1.0
0.8,2,4,49,-0.5,1.1113232970947498,1.0359745700434275
0.8,2,4,49,-1.0,1.2323941181210039,1.0755552254935747
0.8,2,4,49,-2.0,1.5065359277077244,1.1799809322785717
0.8,2,4,49,-4.0,2.204423086043723,1.4572381886175694
0.8,2,4,49,-6.0,3.1496856357366823,1.8089339610345694
1.0,2,4,0,0.5,0.8440563052346255,0.9872739280953445
1.0,2,4,0,0.0,1.0,1.0
1.0,2,4,0,-0.5,1.1781835566085712,1.0696880821649688
1.0,2,4,0,-1.0,1.3810978455418155,1.1691888717519587
1.0,2,4,0,-2.0,1.8722418031399823,1.3994292267292652
1.0,2,4,0,-4.0,3.2885291045020613,2.146524524651984
1.0,2,4,0,-6.0,5.5066774632090025,3.2829147507429663
1.0,2,4,1,0.5,0.8440563052346255,0.9925522080249346
1.0,2,4,1,0.0,1.0,1.0
1.0,2,4,1,-0.5,1.1781835566085712,1.0828684080730462
1.0,2,4,1,-1.0,1.3810978455418155,1.1841838143245305
1.0,2,4,1,-2.0,1.8722418031399823,1.4007465623522428
1.0,2,4,1,-4.0,3.2885291045020613,2.002474123471362
1.0,2,4,1,-6.0,5.5066774632090025,2.799422143630796
1.0,2,4,2,0.5,0.8440563052346255,0.9734070220827483
1.0,2,4,2,0.0,1.0,1.0
1.0,2,4,2,-0.5,1.1781835566085712,1.2317557799740055
1.0,2,4,2,-1.0,1.3810978455418155,1.5689280440461277
1.0,2,4,2,-2.0,1.8722418031399823,2.65493519205069
1.0,2,4,2,-4.0,3.2885291045020613,7.713149171589361
1.0,2,4,2,-6.0,5.5066774632090025,21.75736666667167
1.0,2,4,3,0.5,0.8440563052346255,0.9527425535693558
1.0,2,4,3,0.0,1.0,1.0
1.0,2,4,3,-0.5,1.1781835566085712,1.2312390583067112
1.0,2,4,3,-1.0,1.3810978455418155,1.6012399391620913
1.0,2,4,3,-2.0,1.8722418031399823,2.734177624642219
1.0,2,4,3,-4.0,3.2885291045020613,9.086222873761539
1.0,2,4,3,-6.0,5.5066774632090025,27.815999254751194
1.0,2,4,4,0.5,0.8440563052346255,0.9628926737196991
1.0,2,4,4,0.0,1.0,1.0
1.0,2,4,4,-0.5,1.1781835566085712,1.0498437335983382
1.0,2,4,4,-1.0,1.3810978455418155,1.1211539844747862
1.0,2,4,4,-2.0,1.8722418031399823,1.4063186482088974
1.0,2,4,4,-4.0,3.2885291045020613,2.2544090480122603
1.0,2,4,4,-6.0,5.5066774632090025,3.5964882521301793
1.0,2,4,5,0.5,0.8440563052346255,0.9806560816862071
1.0,2,4,5,0.0,1.0,1.0
1.0,2,4,5,-0.5,1.1781835566085712,1.0600133943014536
1.0,2,4,5,-1.0,1.3810978455418155,1.1525406299538663
1.0,2,4,5,-2.0,1.8722418031399823,1.474242863430043
1.0,2,4,5,-4.0,3.2885291045020613,2.5193714738081487
1.0,2,4,5,-6.0,5.5066774632090025,4.316454746924215
1.0,2,4,6,0.5,0.8440563052346255,0.9737106586344598
1.0,2,4,6,0.0,1.0,1.0
1.0,2,4,6,-0.5,1.1781835566085712,1.1067187385478126
1.0,2,4,6,-1.0,1.3810978455418155,1.2344407678047684
1.0,2,4,6,-2.0,1.8722418031399823,1.586998268280755
1.0,2,4,6,-4.0,3.2885291045020613,2.6779521977819307
1.0,2,4,6,-6.0,5.5066774632090025,4.572354553271713
1.0,2,4,7,0.5,0.8440563052346255,0.9748147788191932
1.0,2,4,7,0.0,1.0,1.0
1.0,2,4,7,-0.5,1.1781835566085712,1.0604517381639649
1.0,2,4,7,-1.0,1.3810978455418155,1.1377519607146314
1.0,2,4,7,-2.0,1.8722418031399823,1.3408036081258996
1.0,2,4,7,-4.0,3.2885291045020613,2.0593284384540635
1.0,2,4,7,-6.0,5.5066774632090025,3.3448495815989148
1.0,2,4,8,0.5,0.8440563052346255,0.9754442762250409
1.0,2,4,8,0.0,1.0,1.0
1.0,2,4,8,-0.5,1.1781835566085712,1.055391842313344
1.0,2,4,8,-1.0,1.3810978455418155,1.1187371832029382
1.0,2,4,8,-2.0,1.8722418031399823,1.3244548849904303
1.0,2,4,8,-4.0,3.2885291045020613,2.1089553476488265
1.0,2,4,8,-6.0,5.5066774632090025,3.4542503156265374
1.0,2,4,9,0.5,0.8440563052346255,0.9828776407890849
1.0,2,4,9,0.0,1.0,1.0
1.0,2,4,9,-0.5,1.1781835566085712,1.0879601293041206
1.0,2,4,9,-1.0,1.3810978455418155,1.2024454474472264
1.0,2,4,9,-2.0,1.8722418031399823,1.5057957393070471
1.0,2,4,9,-4.0,3.2885291045020613,2.422482508946288
1.0,2,4,9,-6.0,5.5066774632090025,3.9045662579611027
1.0,2,4,10,0.5,0.8440563052346255,0.9822944438175648
1.0,2,4,10,0.0,1.0,1.0
1.0,2,4,10,-0.5,1.1781835566085712,1.1087996536057239
1.0,2,4,10,-1.0,1.3810978455418155,1.2276404233984446
1.0,2,4,10,-2.0,1.8722418031399823,1.5235574189763097
1.0,2,4,10,-4.0,3.2885291045020613,2.347704242915668
1.0,2,4,10,-6.0,5.5066774632090025,3.580313403458537
1.0,2,4,11,0.5,0.8440563052346255,0.9750074971684498
1.0,2,4,11,0.0,1.0,1.0
1.0,2,4,11,-0.5,1.1781835566085712,1.0566968372684813
1.0,2,4,11,-1.0,1.3810978455418155,1.1301915897653865
1.0,2,4,11,-2.0,1.8722418031399823,1.2937058436556461
1.0,2,4,11,-4.0,3.2885291045020613,1.7153050533472343
1.0,2,4,11,-6.0,5.5066774632090025,2.3105338477726307
1.0,2,4,12,0.5,0.8440563052346255,0.9805330755623761
1.0,2,4,12,0.0,1.0,1.0
1.0,2,4,12,-0.5,1.1781835566085712,1.0727319610793813
1.0,2,4,12,-1.0,1.3810978455418155,1.1571771034223406
1.0,2,4,12,-2.0,1.8722418031399823,1.3406871567450718
1.0,2,4,12,-4.0,3.2885291045020613,1.812489828185638
1.0,2,4,12,-6.0,5.5066774632090025,2.492584665554695
1.0,2,4,13,0.5,0.8440563052346255,0.9639821930414151
1.0,2,4,13,0.0,1.0,1.0
1.0,2,4,13,-0.5,1.1781835566085712,1.1015046307945058
1.0,2,4,13,-1.0,1.3810978455418155,1.2256946148268577
1.0,2,4,13,-2.0,1.8722418031399823,1.6241706785718262
1.0,2,4,13,-4.0,3.2885291045020613,3.356211937227633
1.0,2,4,13,-6.0,5.5066774632090025,6.989491288761267
1.0,2,4,14,0.5,0.8440563052346255,0.9773906926963214
1.0,2,4,14,0.0,1.0,1.0
1.0,2,4,14,-0.5,1.1781835566085712,1.0239424164609776
1.0,2,4,14,-1.0,1.3810978455418155,1.053476718200523
1.0,2,4,14,-2.0,1.8722418031399823,1.1049422146276606
1.0,2,4,14,-4.0,3.2885291045020613,1.2409758813211775
1.0,2,4,14,-6.0,5.5066774632090025,1.392341375837134
1.0,2,4,15,0.5,0.8440563052346255,0.9913303082840604
1.0,2,4,15,0.0,1.0,1.0
1.0,2,4,15,-0.5,1.1781835566085712,1.348728854357077
1.0,2,4,15,-1.0,1.3810978455418155,1.8652671384567852
1.0,2,4,15,-2.0,1.8722418031399823,3.568812045636827
1.0,2,4,15,-4.0,3.2885291045020613,13.034955596113688
1.0,2,4,15,-6.0,5.5066774632090025,43.503153177730724
1.0,2,4,16,0.5,0.8440563052346255,0.9880045963689712
1.0,2,4,16,0.0,1.0,1.0
1.0,2,4,16,-0.5,1.1781835566085712,1.1662375360673507
1.0,2,4,16,-1.0,1.3810978455418155,1.3769850015032559
1.0,2,4,16,-2.0,1.8722418031399823,1.9521027501051975
1.0,2,4,16,-4.0,3.2885291045020613,3.9369772755343266
1.0,2,4,16,-6.0,5.5066774632090025,7.721705396262338
1.0,2,4,17,0.5,0.8440563052346255,0.9786484653556691
1.0,2,4,17,0.0,1.0,1.0
1.0,2,4,17,-0.5,1.1781835566085712,1.146295888194069
1.0,2,4,17,-1.0,1.3810978455418155,1.344673171355406
1.0,2,4,17,-2.0,1.8722418031399823,1.9063799161189228
1.0,2,4,17,-4.0,3.2885291045020613,3.88925468253167
1.0,2,4,17,-6.0,5.5066774632090025,7.8513958318314465
1.0,2,4,18,0.5,0.8440563052346255,0.9790338962901645
1.0,2,4,18,0.0,1.0,1.0
1.0,2,4,18,-0.5,1.1781835566085712,1.0829192573917068
1.0,2,4,18,-1.0,1.3810978455418155,1.2043085070441448
1.0,2,4,18,-2.0,1.8722418031399823,1.4733317539777822
1.0,2,4,18,-4.0,3.2885291045020613,2.2111983518458773
1.0,2,4,18,-6.0,5.5066774632090025,3.3024404035793533
1.0,2,4,19,0.5,0.8440563052346255,0.9803794717774015
1.0,2,4,19,0.0,1.0,1.0
1.0,2,4,19,-0.5,1.1781835566085712,1.0996940460227782
1.0,2,4,19,-1.0,1.3810978455418155,1.2297225729267829
1.0,2,4,19,-2.0,1.8722418031399823,1.5998987722466766
1.0,2,4,19,-4.0,3.2885291045020613,2.909145357372083
1.0,2,4,19,-6.0,5.5066774632090025,5.424442680570371
1.0,2,4,20,0.5,0.8440563052346255,0.9917553591416645
1.0,2,4,20,0.0,1.0,1.0
1.0,2,4,20,-0.5,1.1781835566085712,1.4191036981433371
1.0,2,4,20,-1.0,1.3810978455418155,2.1068570306182783
1.0,2,4,20,-2.0,1.8722418031399823,4.698866066651186
1.0,2,4,20,-4.0,3.2885291045020613,21.308153111790478
1.0,2,4,20,-6.0,5.5066774632090025,83.67120482354387
1.0,2,4,21,0.5,0.8440563052346255,0.9910902713800993
1.0,2,4,21,0.0,1.0,1.0
1.0,2,4,21,-0.5,1.1781835566085712,1.0489981270798965
1.0,2,4,21,-1.0,1.3810978455418155,1.1089318695493118
1.0,2,4,21,-2.0,1.8722418031399823,1.2423078046717217
1.0,2,4,21,-4.0,3.2885291045020613,1.5892739810463843
1.0,2,4,21,-6.0,5.5066774632090025,2.0613712863198
1.0,2,4,22,0.5,0.8440563052346255,0.9727339381176436
1.0,2,4,22,0.0,1.0,1.0
1.0,2,4,22,-0.5,1.1781835566085712,1.0699546333600907
1.0,2,4,22,-1.0,1.3810978455418155,1.1560990369663116
1.0,2,4,22,-2.0,1.8722418031399823,1.413531383667442
1.0,2,4,22,-4.0,3.2885291045020613,2.3191137491763842
1.0,2,4,22,-6.0,5.5066774632090025,3.726610392135602
1.0,2,4,23,0.5,0.8440563052346255,0.9638633912442776
1.0,2,4,23,0.0,1.0,1.0
1.0,2,4,23,-0.5,1.1781835566085712,1.1487815529191816
1.0,2,4,23,-1.0,1.3810978455418155,1.5047138623593237
1.0,2,4,23,-2.0,1.8722418031399823,2.8259816226562524
1.0,2,4,23,-4.0,3.2885291045020613,9.593058000965428
1.0,2,4,23,-6.0,5.5066774632090025,30.282752308278823
1.0,2,4,24,0.5,0.8440563052346255,0.9673629207686754
1.0,2,4,24,0.0,1.0,1.0
1.0,2,4,24,-0.5,1.1781835566085712,1.0812796954930601
1.0,2,4,24,-1.0,1.3810978455418155,1.1769889547309529
1.0,2,4,24,-2.0,1.8722418031399823,1.3958612792760634
1.0,2,4,24,-4.0,3.2885291045020613,2.01632426045519
1.0,2,4,24,-6.0,5.5066774632090025,3.3098565912542406
1.0,2,4,25,0.5,0.8440563052346255,0.984938031886088
1.0,2,4,25,0.0,1.0,1.0
1.0,2,4,25,-0.5,1.1781835566085712,1.0367245836816152
1.0,2,4,25,-1.0,1.3810978455418155,1.097164531077147
1.0,2,4,25,-2.0,1.8722418031399823,1.2127041904339881
1.0,2,4,25,-4.0,3.2885291045020613,1.5394271573812601
1.0,2,4,25,-6.0,5.5066774632090025,2.1042961051531464
1.0,2,4,26,0.5,0.8440563052346255,0.9822644618532347
1.0,2,4,26,0.0,1.0,1.0
1.0,2,4,26,-0.5,1.1781835566085712,1.286256970543637
1.0,2,4,26,-1.0,1.3810978455418155,1.7239546703330058
1.0,2,4,26,-2.0,1.8722418031399823,3.1806291995762708
1.0,2,4,26,-4.0,3.2885291045020613,10.741189470911094
1.0,2,4,26,-6.0,5.5066774632090025,34.29759582342146
1.0,2,4,27,0.5,0.8440563052346255,0.979072486737222
1.0,2,4,27,0.0,1.0,1.0
1.0,2,4,27,-0.5,1.1781835566085712,1.108482892252822
1.0,2,4,27,-1.0,1.3810978455418155,1.3426385092925317
1.0,2,4,27,-2.0,1.8722418031399823,2.19500865881852
1.0,2,4,27,-4.0,3.2885291045020613,5.8971942374303215
1.0,2,4,27,-6.0,5.5066774632090025,15.340240354254163
1.0,2,4,28,0.5,0.8440563052346255,0.9821295243047983
1.0,2,4,28,0.0,1.0,1.0
1.0,2,4,28,-0.5,1.1781835566085712,1.0977621481957027
1.0,2,4,28,-1.0,1.3810978455418155,1.2278083222341554
1.0,2,4,28,-2.0,1.8722418031399823,1.5718731821570693
1.0,2,4,28,-4.0,3.2885291045020613,2.5643121535383737
1.0,2,4,28,-6.0,5.5066774632090025,4.237611389557724
1.0,2,4,29,0.5,0.8440563052346255,0.9523137140118959
1.0,2,4,29,0.0,1.0,1.0
1.0,2,4,29,-0.5,1.1781835566085712,1.116333941793969
1.0,2,4,29,-1.0,1.3810978455418155,1.3035932549060856
1.0,2,4,29,-2.0,1.8722418031399823,1.7103258367463385
1.0,2,4,29,-4.0,3.2885291045020613,3.0107600015200213
1.0,2,4,29,-6.0,5.5066774632090025,5.637051037831744
1.0,2,4,30,0.5,0.8440563052346255,0.9928490255273834
1.0,2,4,30,0.0,1.0,1.0
1.0,2,4,30,-0.5,1.1781835566085712,1.0819548381797148
1.0,2,4,30,-1.0,1.3810978455418155,1.1777790229788838
1.0,2,4,30,-2.0,1.8722418031399823,1.406370064173258
1.0,2,4,30,-4.0,3.2885291045020613,2.023984835385434
1.0,2,4,30,-6.0,5.5066774632090025,2.9939163087320533
1.0,2,4,31,0.5,0.8440563052346255,0.9873897487903849
1.0,2,4,31,0.0,1.0,1.0
1.0,2,4,31,-0.5,1.1781835566085712,1.0587234074771423
1.0,2,4,31,-1.0,1.3810978455418155,1.1207525221174062
1.0,2,4,31,-2.0,1.8722418031399823,1.2564413009764286
1.0,2,4,31,-4.0,3.2885291045020613,1.5830120863293429
1.0,2,4,31,-6.0,5.5066774632090025,2.0018703630921926
1.0,2,4,32,0.5,0.8440563052346255,0.9774715154104091
1.0,2,4,32,0.0,1.0,1.0
1.0,2,4,32,-0.5,1.1781835566085712,1.0955719799753079
1.0,2,4,32,-1.0,1.3810978455418155,1.305726542451791
1.0,2,4,32,-2.0,1.8722418031399823,1.8735951048520663
1.0,2,4,32,-4.0,3.2885291045020613,3.8320586812862216
1.0,2,4,32,-6.0,5.5066774632090025,7.590141388437219
1.0,2,4,33,0.5,0.8440563052346255,0.9603044136359642
1.0,2,4,33,0.0,1.0,1.0
1.0,2,4,33,-0.5,1.1781835566085712,1.1330872856851004
1.0,2,4,33,-1.0,1.3810978455418155,1.2924078418279463
1.0,2,4,33,-2.0,1.8722418031399823,1.7879550491967984
1.0,2,4,33,-4.0,3.2885291045020613,3.732597706031103
1.0,2,4,33,-6.0,5.5066774632090025,7.897595775313973
1.0,2,4,34,0.5,0.8440563052346255,0.9667586592086788
1.0,2,4,34,0.0,1.0,1.0
1.0,2,4,34,-0.5,1.1781835566085712,1.0504411124944326
1.0,2,4,34,-1.0,1.3810978455418155,1.1112675696607472
1.0,2,4,34,-2.0,1.8722418031399823,1.251180706836964
1.0,2,4,34,-4.0,3.2885291045020613,1.5902753657496569
1.0,2,4,34,-6.0,5.5066774632090025,2.070956816840036
1.0,2,4,35,0.5,0.8440563052346255,0.9417566884876042
1.0,2,4,35,0.0,1.0,1.0
1.0,2,4,35,-0.5,1.1781835566085712,1.2821998487056703
1.0,2,4,35,-1.0,1.3810978455418155,1.6550254253902337
1.0,2,4,35,-2.0,1.8722418031399823,2.7327594382242775
1.0,2,4,35,-4.0,3.2885291045020613,7.070446449970415
1.0,2,4,35,-6.0,5.5066774632090025,17.04559099596471
1.0,2,4,36,0.5,0.8440563052346255,0.9775884584390511
1.0,2,4,36,0.0,1.0,1.0
1.0,2,4,36,-0.5,1.1781835566085712,1.0868313851053997
1.0,2,4,36,-1.0,1.3810978455418155,1.2018395180965307
1.0,2,4,36,-2.0,1.8722418031399823,1.4606813474262106
1.0,2,4,36,-4.0,3.2885291045020613,2.345091750938202
1.0,2,4,36,-6.0,5.5066774632090025,3.7871065755961575
1.0,2,4,37,0.5,0.8440563052346255,0.9804998801962912
1.0,2,4,37,0.0,1.0,1.0
1.0,2,4,37,-0.5,1.1781835566085712,1.0441362136478738
1.0,2,4,37,-1.0,1.3810978455418155,1.1086289097336184
1.0,2,4,37,-2.0,1.8722418031399823,1.2429288605405708
1.0,2,4,37,-4.0,3.2885291045020613,1.5938501748565108
1.0,2,4,37,-6.0,5.5066774632090025,2.079739004720177
1.0,2,4,38,0.5,0.8440563052346255,0.9734736216612859
1.0,2,4,38,0.0,1.0,1.0
1.0,2,4,38,-0.5,1.1781835566085712,1.0486680405791253
1.0,2,4,38,-1.0,1.3810978455418155,1.1445368946874899
1.0,2,4,38,-2.0,1.8722418031399823,1.4375735351842698
1.0,2,4,38,-4.0,3.2885291045020613,2.2880049765872204
1.0,2,4,38,-6.0,5.5066774632090025,3.65429814223103
1.0,2,4,39,0.5,0.8440563052346255,0.9764912575397441
1.0,2,4,39,0.0,1.0,1.0
1.0,2,4,39,-0.5,1.1781835566085712,1.0906022720000759
1.0,2,4,39,-1.0,1.3810978455418155,1.1939370208912208
1.0,2,4,39,-2.0,1.8722418031399823,1.4260098436671318
1.0,2,4,39,-4.0,3.2885291045020613,2.097462494960685
1.0,2,4,39,-6.0,5.5066774632090025,3.138308903651885
1.0,2,4,40,0.5,0.8440563052346255,0.9791041016849306
1.0,2,4,40,0.0,1.0,1.0
1.0,2,4,40,-0.5,1.1781835566085712,1.1007786643030488
1.0,2,4,40,-1.0,1.3810978455418155,1.2455492677783164
1.0,2,4,40,-2.0,1.8722418031399823,1.6272086524883398
1.0,2,4,40,-4.0,3.2885291045020613,2.863168610502686
1.0,2,4,40,-6.0,5.5066774632090025,5.1980664547302915
1.0,2,4,41,0.5,0.8440563052346255,0.9815720824598209
1.0,2,4,41,0.0,1.0,1.0
1.0,2,4,41,-0.5,1.1781835566085712,1.112763358319229
1.0,2,4,41,-1.0,1.3810978455418155,1.2766340256664797
1.0,2,4,41,-2.0,1.8722418031399823,1.717058073808074
1.0,2,4,41,-4.0,3.2885291045020613,3.171177585722646
1.0,2,4,41,-6.0,5.5066774632090025,5.850963248634847
1.0,2,4,42,0.5,0.8440563052346255,0.9855779338087897
1.0,2,4,42,0.0,1.0,1.0
1.0,2,4,42,-0.5,1.1781835566085712,1.1300781670785678
1.0,2,4,42,-1.0,1.3810978455418155,1.2870394216887866
1.0,2,4,42,-2.0,1.8722418031399823,1.692160258061583
1.0,2,4,42,-4.0,3.2885291045020613,2.980323857170097
1.0,2,4,42,-6.0,5.5066774632090025,5.254819566867628
1.0,2,4,43,0.5,0.8440563052346255,0.9812692108549571
1.0,2,4,43,0.0,1.0,1.0
1.0,2,4,43,-0.5,1.1781835566085712,1.0303447115435849
1.0,2,4,43,-1.0,1.3810978455418155,1.097672078950445
1.0,2,4,43,-2.0,1.8722418031399823,1.2563625635992515
1.0,2,4,43,-4.0,3.2885291045020613,1.6921276240907865
1.0,2,4,43,-6.0,5.5066774632090025,2.3084347373747036
1.0,2,4,44,0.5,0.8440563052346255,0.9843181053281456
1.0,2,4,44,0.0,1.0,1.0
1.0,2,4,44,-0.5,1.1781835566085712,1.0590923195226707
1.0,2,4,44,-1.0,1.3810978455418155,1.1255172857727365
1.0,2,4,44,-2.0,1.8722418031399823,1.2769042372872361
1.0,2,4,44,-4.0,3.2885291045020613,1.6590606587895285
1.0,2,4,44,-6.0,5.5066774632090025,2.2324606412323065
1.0,2,4,45,0.5,0.8440563052346255,0.9613289426773585
1.0,2,4,45,0.0,1.0,1.0
1.0,2,4,45,-0.5,1.1781835566085712,1.0508282436832885
1.0,2,4,45,-1.0,1.3810978455418155,1.1323370842613045
1.0,2,4,45,-2.0,1.8722418031399823,1.3437242757484447
1.0,2,4,45,-4.0,3.2885291045020613,2.118956170039928
1.0,2,4,45,-6.0,5.5066774632090025,3.404108305431594
1.0,2,4,46,0.5,0.8440563052346255,0.984713016046447
1.0,2,4,46,0.0,1.0,1.0
1.0,2,4,46,-0.5,1.1781835566085712,1.051241805929375
1.0,2,4,46,-1.0,1.3810978455418155,1.1148232900980908
1.0,2,4,46,-2.0,1.8722418031399823,1.256517048173147
1.0,2,4,46,-4.0,3.2885291045020613,1.6153033831095125
1.0,2,4,46,-6.0,5.5066774632090025,2.1033728750941205
1.0,2,4,47,0.5,0.8440563052346255,0.9902100241354209
1.0,2,4,47,0.0,1.0,1.0
1.0,2,4,47,-0.5,1.1781835566085712,1.037509265329543
1.0,2,4,47,-1.0,1.3810978455418155,1.0823630932721489
1.0,2,4,47,-2.0,1.8722418031399823,1.175640377676221
1.0,2,4,47,-4.0,3.2885291045020613,1.4367627580419386
1.0,2,4,47,-6.0,5.5066774632090025,1.7311364391857402
1.0,2,4,48,0.5,0.8440563052346255,0.9883391281170161
1.0,2,4,48,0.0,1.0,1.0
1.0,2,4,48,-0.5,1.1781835566085712,1.1189022985823887
1.0,2,4,48,-1.0,1.3810978455418155,1.299858967745179
1.0,2,4,48,-2.0,1.8722418031399823,1.7829314175771205
1.0,2,4,48,-4.0,3.2885291045020613,3.516789554355663
1.0,2,4,48,-6.0,5.5066774632090025,6.989734067908884
1.0,2,4,49,0.5,0.8440563052346255,0.9776911038088401
1.0,2,4,49,0.0,1.0,1.0
1.0,2,4,49,-0.5,1.1781835566085712,1.063650734082139
1.0,2,4,49,-1.0,1.3810978455418155,1.1228312399000602
1.0,2,4,49,-2.0,1.8722418031399823,1.2878745562660439
1.0,2,4,49,-4.0,3.2885291045020613,1.8594201787395075
1.0,2,4,49,-6.0,5.5066774632090025,2.625590802127407
1.2,2,4,0,0.5,0.7818921886213052,0.9828265784453489
1.2,2,4,0,0.0,1.0,1.0
1.2,2,4,0,-0.5,1.264263672078163,1.1085392714667948
1.2,2,4,0,-1.0,1.582273321863023,1.2699080066882056
1.2,2,4,0,-2.0,2.415084767504488,1.6952469354396285
1.2,2,4,0,-4.0,5.1874412875774265,3.1288644036108773
1.2,2,4,0,-6.0,10.282816224407696,5.768730367299303
1.2,2,4,1,0.5,0.7818921886213052,0.9897154248203276
1.2,2,4,1,0.0,1.0,1.0
1.2,2,4,1,-0.5,1.264263672078163,1.1229822752798546
1.2,2,4,1,-1.0,1.582273321863023,1.2708388938408042
1.2,2,4,1,-2.0,2.415084767504488,1.6325087615335003
1.2,2,4,1,-4.0,5.1874412875774265,2.705045848352517
1.2,2,4,1,-6.0,10.282816224407696,4.449520234681395
1.2,2,4,2,0.5,0.7818921886213052,0.9643061993304978
1.2,2,4,2,0.0,1.0,1.0
1.2,2,4,2,-0.5,1.264263672078163,1.3695586029693585
1.2,2,4,2,-1.0,1.582273321863023,1.9748962962360919
1.2,2,4,2,-2.0,2.415084767504488,4.2541928548827865
1.2,2,4,2,-4.0,5.1874412875774265,19.27396021264953
1.2,2,4,2,-6.0,10.282816224407696,78.63310558544326
1.2,2,4,3,0.5,0.7818921886213052,0.9394007077243778
1.2,2,4,3,0.0,1.0,1.0
1.2,2,4,3,-0.5,1.264263672078163,1.3792260852058318
1.2,2,4,3,-1.0,1.582273321863023,2.0416647306907763
1.2,2,4,3,-2.0,2.415084767504488,4.733586859497253
1.2,2,4,3,-4.0,5.1874412875774265,24.410052547089702
1.2,2,4,3,-6.0,10.282816224407696,100.7556703182741
1.2,2,4,4,0.5,0.7818921886213052,0.9695577770387451
1.2,2,4,4,0.0,1.0,1.0
1.2,2,4,4,-0.5,1.264263672078163,1.075224997948663
1.2,2,4,4,-1.0,1.582273321863023,1.236028127547026
1.2,2,4,4,-2.0,2.415084767504488,1.7309031399490662
1.2,2,4,4,-4.0,5.1874412875774265,3.3920187230095924
1.2,2,4,4,-6.0,10.282816224407696,6.560424038169522
1.2,2,4,5,0.5,0.7818921886213052,0.9715125975474455
1.2,2,4,5,0.0,1.0,1.0
1.2,2,4,5,-0.5,1.264263672078163,1.0977726101599696
1.2,2,4,5,-1.0,1.582273321863023,1.2772776909961339
1.2,2,4,5,-2.0,2.415084767504488,1.8611232262244068
1.2,2,4,5,-4.0,5.1874412875774265,4.046772938169292
1.2,2,4,5,-6.0,10.282816224407696,8.68953407965884
1.2,2,4,6,0.5,0.7818921886213052,0.9652105527849002
1.2,2,4,6,0.0,1.0,1.0
1.2,2,4,6,-0.5,1.264263672078163,1.155554042130758
1.2,2,4,6,-1.0,1.582273321863023,1.3755206490707703
1.2,2,4,6,-2.0,2.415084767504488,1.9907185358136399
1.2,2,4,6,-4.0,5.1874412875774265,4.301369383101926
1.2,2,4,6,-6.0,10.282816224407696,9.142368217001115
1.2,2,4,7,0.5,0.7818921886213052,0.9634838886500408
1.2,2,4,7,0.0,1.0,1.0
1.2,2,4,7,-0.5,1.264263672078163,1.0909530338003224
1.2,2,4,7,-1.0,1.582273321863023,1.219102557563251
1.2,2,4,7,-2.0,2.415084767504488,1.5916047984405215
1.2,2,4,7,-4.0,5.1874412875774265,3.1499869583336095
1.2,2,4,7,-6.0,10.282816224407696,6.420125532424183
1.2,2,4,8,0.5,0.7818921886213052,0.9575719220061827
1.2,2,4,8,0.0,1.0,1.0
1.2,2,4,8,-0.5,1.264263672078163,1.0829916763413816
1.2,2,4,8,-1.0,1.582273321863023,1.190919002720066
1.2,2,4,8,-2.0,2.415084767504488,1.6114538624002213
1.2,2,4,8,-4.0,5.1874412875774265,3.2409954255610174
1.2,2,4,8,-6.0,10.282816224407696,6.633604108031387
1.2,2,4,9,0.5,0.7818921886213052,0.9787317863014945
1.2,2,4,9,0.0,1.0,1.0
1.2,2,4,9,-0.5,1.264263672078163,1.1311882369978172
1.2,2,4,9,-1.0,1.582273321863023,1.3274089501075106
1.2,2,4,9,-2.0,2.415084767504488,1.8381990086228093
1.2,2,4,9,-4.0,5.1874412875774265,3.687578553449272
1.2,2,4,9,-6.0,10.282816224407696,7.242308497433375
1.2,2,4,10,0.5,0.7818921886213052,0.9759452664371632
1.2,2,4,10,0.0,1.0,1.0
1.2,2,4,10,-0.5,1.264263672078163,1.159029269880853
1.2,2,4,10,-1.0,1.582273321863023,1.3527197835313307
1.2,2,4,10,-2.0,2.415084767504488,1.8441363805319124
1.2,2,4,10,-4.0,5.1874412875774265,3.421002258316916
1.2,2,4,10,-6.0,10.282816224407696,6.244447094971702
1.2,2,4,11,0.5,0.7818921886213052,0.9779564295004196
1.2,2,4,11,0.0,1.0,1.0
1.2,2,4,11,-0.5,1.264263672078163,1.0880504637072372
1.2,2,4,11,-1.0,1.582273321863023,1.1936030485921068
1.2,2,4,11,-2.0,2.415084767504488,1.460316263013165
1.2,2,4,11,-4.0,5.1874412875774265,2.2259201988890442
1.2,2,4,11,-6.0,10.282816224407696,3.448946701684426
1.2,2,4,12,0.5,0.7818921886213052,0.9740725589647862
1.2,2,4,12,0.0,1.0,1.0
1.2,2,4,12,-0.5,1.264263672078163,1.0999206730295228
1.2,2,4,12,-1.0,1.582273321863023,1.226391032569174
1.2,2,4,12,-2.0,2.415084767504488,1.5340642073153137
1.2,2,4,12,-4.0,5.1874412875774265,2.3974189466172917
1.2,2,4,12,-6.0,10.282816224407696,3.8459377231945537
1.2,2,4,13,0.5,0.7818921886213052,0.950247773330411
1.2,2,4,13,0.0,1.0,1.0
1.2,2,4,13,-0.5,1.264263672078163,1.1416508767967688
1.2,2,4,13,-1.0,1.582273321863023,1.3662134606429983
1.2,2,4,13,-2.0,2.415084767504488,2.2221953679785855
1.2,2,4,13,-4.0,5.1874412875774265,6.429025795268881
1.2,2,4,13,-6.0,10.282816224407696,17.758495117102026
1.2,2,4,14,0.5,0.7818921886213052,0.9754432265829769
1.2,2,4,14,0.0,1.0,1.0
1.2,2,4,14,-0.5,1.264263672078163,1.0367984860139101
1.2,2,4,14,-1.0,1.582273321863023,1.0810001273150034
1.2,2,4,14,-2.0,2.415084767504488,1.1700893054637618
1.2,2,4,14,-4.0,5.1874412875774265,1.3743363568442257
1.2,2,4,14,-6.0,10.282816224407696,1.6239991129470674
1.2,2,4,15,0.5,0.7818921886213052,0.9889947828028677
1.2,2,4,15,0.0,1.0,1.0
1.2,2,4,15,-0.5,1.264263672078163,1.5550894113776044
1.2,2,4,15,-1.0,1.582273321863023,2.487042225822037
1.2,2,4,15,-2.0,2.415084767504488,6.384204181638987
1.2,2,4,15,-4.0,5.1874412875774265,37.99641350863508
1.2,2,4,15,-6.0,10.282816224407696,177.55962914879902
1.2,2,4,16,0.5,0.7818921886213052,0.9838828564276447
1.2,2,4,16,0.0,1.0,1.0
1.2,2,4,16,-0.5,1.264263672078163,1.2517417695013455
1.2,2,4,16,-1.0,1.582273321863023,1.5948994576206112
1.2,2,4,16,-2.0,2.415084767504488,2.654600660658959
1.2,2,4,16,-4.0,5.1874412875774265,7.22484364153213
1.2,2,4,16,-6.0,10.282816224407696,18.780744169779165
1.2,2,4,17,0.5,0.7818921886213052,0.9733231164003773
1.2,2,4,17,0.0,1.0,1.0
1.2,2,4,17,-0.5,1.264263672078163,1.230568784602079
1.2,2,4,17,-1.0,1.582273321863023,1.564525189961705
1.2,2,4,17,-2.0,2.415084767504488,2.6077425563249146
1.2,2,4,17,-4.0,5.1874412875774265,7.227999717995658
1.2,2,4,17,-6.0,10.282816224407696,19.09493854757851
1.2,2,4,18,0.5,0.7818921886213052,0.9705682062045059
1.2,2,4,18,0.0,1.0,1.0
1.2,2,4,18,-0.5,1.264263672078163,1.1394972613158314
1.2,2,4,18,-1.0,1.582273321863023,1.3176994494774903
1.2,2,4,18,-2.0,2.415084767504488,1.7555049845466602
1.2,2,4,18,-4.0,5.1874412875774265,3.1575857882101057
1.2,2,4,18,-6.0,10.282816224407696,5.586195053286485
1.2,2,4,19,0.5,0.7818921886213052,0.9708534236388112
1.2,2,4,19,0.0,1.0,1.0
1.2,2,4,19,-0.5,1.264263672078163,1.1526940698286092
1.2,2,4,19,-1.0,1.582273321863023,1.3730112221095403
1.2,2,4,19,-2.0,2.415084767504488,2.066796819270065
1.2,2,4,19,-4.0,5.1874412875774265,5.039402383554262
1.2,2,4,19,-6.0,10.282816224407696,12.090146306612064
1.2,2,4,20,0.5,0.7818921886213052,0.9890177386847591
1.2,2,4,20,0.0,1.0,1.0
1.2,2,4,20,-0.5,1.264263672078163,1.6866204208818103
1.2,2,4,20,-1.0,1.582273321863023,2.9967502687232646
1.2,2,4,20,-2.0,2.415084767504488,9.305314221446075
1.2,2,4,20,-4.0,5.1874412875774265,71.34970895435869
1.2,2,4,20,-6.0,10.282816224407696,327.82916406068085
1.2,2,4,21,0.5,0.7818921886213052,0.9877018977516333
1.2,2,4,21,0.0,1.0,1.0
1.2,2,4,21,-0.5,1.264263672078163,1.0740731643330002
1.2,2,4,21,-1.0,1.582273321863023,1.1649995724916078
1.2,2,4,21,-2.0,2.415084767504488,1.3854394962674008
1.2,2,4,21,-4.0,5.1874412875774265,2.021996318279462
1.2,2,4,21,-6.0,10.282816224407696,2.983145127154036
1.2,2,4,22,0.5,0.7818921886213052,0.9645523711770428
1.2,2,4,22,0.0,1.0,1.0
1.2,2,4,22,-0.5,1.264263672078163,1.105456232157896
1.2,2,4,22,-1.0,1.582273321863023,1.266738940112916
1.2,2,4,22,-2.0,2.415084767504488,1.776896477102994
1.2,2,4,22,-4.0,5.1874412875774265,3.533323288058707
1.2,2,4,22,-6.0,10.282816224407696,6.904967736662306
1.2,2,4,23,0.5,0.7818921886213052,0.9495272446274096
1.2,2,4,23,0.0,1.0,1.0
1.2,2,4,23,-0.5,1.264263672078163,1.2749362145390446
1.2,2,4,23,-1.0,1.582273321863023,1.97978712596459
1.2,2,4,23,-2.0,2.415084767504488,4.857363059354935
1.2,2,4,23,-4.0,5.1874412875774265,26.47779158941166
1.2,2,4,23,-6.0,10.282816224407696,116.09393119164496
1.2,2,4,24,0.5,0.7818921886213052,0.9566859966678639
1.2,2,4,24,0.0,1.0,1.0
1.2,2,4,24,-0.5,1.264263672078163,1.123053903220234
1.2,2,4,24,-1.0,1.582273321863023,1.267416987115341
1.2,2,4,24,-2.0,2.415084767504488,1.636525254912285
1.2,2,4,24,-4.0,5.1874412875774265,3.134204884263299
1.2,2,4,24,-6.0,10.282816224407696,6.284985587692022
1.2,2,4,25,0.5,0.7818921886213052,0.978509474574555
1.2,2,4,25,0.0,1.0,1.0
1.2,2,4,25,-0.5,1.264263672078163,1.0706555956223325
1.2,2,4,25,-1.0,1.582273321863023,1.1434024446016775
1.2,2,4,25,-2.0,2.415084767504488,1.3357040391391701
1.2,2,4,25,-4.0,5.1874412875774265,2.023451577473135
1.2,2,4,25,-6.0,10.282816224407696,3.381507408905673
1.2,2,4,26,0.5,0.7818921886213052,0.9762663006650333
1.2,2,4,26,0.0,1.0,1.0
1.2,2,4,26,-0.5,1.264263672078163,1.4576626521837195
1.2,2,4,26,-1.0,1.582273321863023,2.2529638870613833
1.2,2,4,26,-2.0,2.415084767504488,5.449676308107271
1.2,2,4,26,-4.0,5.1874412875774265,29.922217695924846
1.2,2,4,26,-6.0,10.282816224407696,133.85863340095096
1.2,2,4,27,0.5,0.7818921886213052,0.9709173913035517
1.2,2,4,27,0.0,1.0,1.0
1.2,2,4,27,-0.5,1.264263672078163,1.19589685727561
1.2,2,4,27,-1.0,1.582273321863023,1.6648705747944117
1.2,2,4,27,-2.0,2.415084767504488,3.39795916977072
1.2,2,4,27,-4.0,5.1874412875774265,13.706312534879876
1.2,2,4,27,-6.0,10.282816224407696,50.86993349886953
1.2,2,4,28,0.5,0.7818921886213052,0.9760260887696447
1.2,2,4,28,0.0,1.0,1.0
1.2,2,4,28,-0.5,1.264263672078163,1.1510055984417527
1.2,2,4,28,-1.0,1.582273321863023,1.3724696642302472
1.2,2,4,28,-2.0,2.415084767504488,1.9496959776696852
1.2,2,4,28,-4.0,5.1874412875774265,4.003017709028806
1.2,2,4,28,-6.0,10.282816224407696,8.099870729076478
1.2,2,4,29,0.5,0.7818921886213052,0.935954124513753
1.2,2,4,29,0.0,1.0,1.0
1.2,2,4,29,-0.5,1.264263672078163,1.2099190014863292
1.2,2,4,29,-1.0,1.582273321863023,1.4545246471257431
1.2,2,4,29,-2.0,2.415084767504488,2.1801509488413866
1.2,2,4,29,-4.0,5.1874412875774265,5.219640460644501
1.2,2,4,29,-6.0,10.282816224407696,12.964809096626484
1.2,2,4,30,0.5,0.7818921886213052,0.9906136533994083
1.2,2,4,30,0.0,1.0,1.0
1.2,2,4,30,-0.5,1.264263672078163,1.1238118606566707
1.2,2,4,30,-1.0,1.582273321863023,1.2746227487043176
1.2,2,4,30,-2.0,2.415084767504488,1.656550033569655
1.2,2,4,30,-4.0,5.1874412875774265,2.852715618626277
1.2,2,4,30,-6.0,10.282816224407696,4.938079518323067
1.2,2,4,31,0.5,0.7818921886213052,0.9954119736292978
1.2,2,4,31,0.0,1.0,1.0
1.2,2,4,31,-0.5,1.264263672078163,1.0855420497525652
1.2,2,4,31,-1.0,1.582273321863023,1.1761964703129901
1.2,2,4,31,-2.0,2.415084767504488,1.386357197694748
1.2,2,4,31,-4.0,5.1874412875774265,1.9501801036836888
1.2,2,4,31,-6.0,10.282816224407696,2.73945953460566
1.2,2,4,32,0.5,0.7818921886213052,0.9693685511491693
1.2,2,4,32,0.0,1.0,1.0
1.2,2,4,32,-0.5,1.264263672078163,1.1857295093686733
1.2,2,4,32,-1.0,1.582273321863023,1.5326236404160505
1.2,2,4,32,-2.0,2.415084767504488,2.5712816619897905
1.2,2,4,32,-4.0,5.1874412875774265,7.10634962965209
1.2,2,4,32,-6.0,10.282816224407696,18.368747663008662
1.2,2,4,33,0.5,0.7818921886213052,0.9460109550316327
1.2,2,4,33,0.0,1.0,1.0
1.2,2,4,33,-0.5,1.264263672078163,1.2007493682536674
1.2,2,4,33,-1.0,1.582273321863023,1.4869576738119004
1.2,2,4,33,-2.0,2.415084767504488,2.4592060367449315
1.2,2,4,33,-4.0,5.1874412875774265,7.250729110150713
1.2,2,4,33,-6.0,10.282816224407696,20.924276338150616
1.2,2,4,34,0.5,0.7818921886213052,0.9637488034342709
1.2,2,4,34,0.0,1.0,1.0
1.2,2,4,34,-0.5,1.264263672078163,1.0808045148094712
1.2,2,4,34,-1.0,1.582273321863023,1.1739856539812106
1.2,2,4,34,-2.0,2.415084767504488,1.3826281324250318
1.2,2,4,34,-4.0,5.1874412875774265,2.004022008968995
1.2,2,4,34,-6.0,10.282816224407696,2.931793056897221
1.2,2,4,35,0.5,0.7818921886213052,0.9290589637818043
1.2,2,4,35,0.0,1.0,1.0
1.2,2,4,35,-0.5,1.264263672078163,1.4337271779127803
1.2,2,4,35,-1.0,1.582273321863023,2.067452706891079
1.2,2,4,35,-2.0,2.415084767504488,4.189929556556104
1.2,2,4,35,-4.0,5.1874412875774265,15.381455920696263
1.2,2,4,35,-6.0,10.282816224407696,49.64762091580861
1.2,2,4,36,0.5,0.7818921886213052,0.9706174634312256
1.2,2,4,36,0.0,1.0,1.0
1.2,2,4,36,-0.5,1.264263672078163,1.138688586089367
1.2,2,4,36,-1.0,1.582273321863023,1.299081943492034
1.2,2,4,36,-2.0,2.415084767504488,1.8276288977470547
1.2,2,4,36,-4.0,5.1874412875774265,3.5517867367692735
1.2,2,4,36,-6.0,10.282816224407696,7.012754945133383
1.2,2,4,37,0.5,0.7818921886213052,0.976771308303233
1.2,2,4,37,0.0,1.0,1.0
1.2,2,4,37,-0.5,1.264263672078163,1.0734619053689345
1.2,2,4,37,-1.0,1.582273321863023,1.1628856379890924
1.2,2,4,37,-2.0,2.415084767504488,1.3827562098243065
1.2,2,4,37,-4.0,5.1874412875774265,2.013078193480642
1.2,2,4,37,-6.0,10.282816224407696,2.9779480876405624
1.2,2,4,38,0.5,0.7818921886213052,0.9495644815335854
1.2,2,4,38,0.0,1.0,1.0
1.2,2,4,38,-0.5,1.264263672078163,1.0769759111553774
1.2,2,4,38,-1.0,1.582273321863023,1.2626861626267518
1.2,2,4,38,-2.0,2.415084767504488,1.7660842127469372
1.2,2,4,38,-4.0,5.1874412875774265,3.411888247482597
1.2,2,4,38,-6.0,10.282816224407696,6.698981761315686
1.2,2,4,39,0.5,0.7818921886213052,0.9718676129540518
1.2,2,4,39,0.0,1.0,1.0
1.2,2,4,39,-0.5,1.264263672078163,1.1348423185120748
1.2,2,4,39,-1.0,1.582273321863023,1.2891527368062188
1.2,2,4,39,-2.0,2.415084767504488,1.68864282474654
1.2,2,4,39,-4.0,5.1874412875774265,2.9702299462634048
1.2,2,4,39,-6.0,10.282816224407696,5.499480417772618
1.2,2,4,40,0.5,0.7818921886213052,0.9711996457701473
1.2,2,4,40,0.0,1.0,1.0
1.2,2,4,40,-0.5,1.264263672078163,1.1625225253610032
1.2,2,4,40,-1.0,1.582273321863023,1.392404904642045
1.2,2,4,40,-2.0,2.415084767504488,2.0806597073629285
1.2,2,4,40,-4.0,5.1874412875774265,4.839637447987158
1.2,2,4,40,-6.0,10.282816224407696,11.232324997992452
1.2,2,4,41,0.5,0.7818921886213052,0.9751495484751804
1.2,2,4,41,0.0,1.0,1.0
1.2,2,4,41,-0.5,1.264263672078163,1.1809936551402045
1.2,2,4,41,-1.0,1.582273321863023,1.4440128066600817
1.2,2,4,41,-2.0,2.415084767504488,2.2443015187088746
1.2,2,4,41,-4.0,5.1874412875774265,5.4598752351457565
1.2,2,4,41,-6.0,10.282816224407696,12.835311771879496
1.2,2,4,42,0.5,0.7818921886213052,0.9804761604981972
1.2,2,4,42,0.0,1.0,1.0
1.2,2,4,42,-0.5,1.264263672078163,1.1930571886823467
1.2,2,4,42,-1.0,1.582273321863023,1.449152921715169
1.2,2,4,42,-2.0,2.415084767504488,2.1458214208996425
1.2,2,4,42,-4.0,5.1874412875774265,4.916250242698165
1.2,2,4,42,-6.0,10.282816224407696,10.966766532889134
1.2,2,4,43,0.5,0.7818921886213052,0.9731971790804806
1.2,2,4,43,0.0,1.0,1.0
1.2,2,4,43,-0.5,1.264263672078163,1.059251901630645
1.2,2,4,43,-1.0,1.582273321863023,1.1609384659960529
1.2,2,4,43,-2.0,2.415084767504488,1.4281261186882623
1.2,2,4,43,-4.0,5.1874412875774265,2.255074036171962
1.2,2,4,43,-6.0,10.282816224407696,3.529468800341225
1.2,2,4,44,0.5,0.7818921886213052,0.9775262594370798
1.2,2,4,44,0.0,1.0,1.0
1.2,2,4,44,-0.5,1.264263672078163,1.0853637099219167
1.2,2,4,44,-1.0,1.582273321863023,1.1853705324240498
1.2,2,4,44,-2.0,2.415084767504488,1.439762260638036
1.2,2,4,44,-4.0,5.1874412875774265,2.156787802188174
1.2,2,4,44,-6.0,10.282816224407696,3.2575396692037697
1.2,2,4,45,0.5,0.7818921886213052,0.9562523465690806
1.2,2,4,45,0.0,1.0,1.0
1.2,2,4,45,-0.5,1.264263672078163,1.082925222668034
1.2,2,4,45,-1.0,1.582273321863023,1.2089488487208315
1.2,2,4,45,-2.0,2.415084767504488,1.64607102859966
1.2,2,4,45,-4.0,5.1874412875774265,3.2060162282849913
1.2,2,4,45,-6.0,10.282816224407696,6.393478309076337
1.2,2,4,46,0.5,0.7818921886213052,0.9807953758492991
1.2,2,4,46,0.0,1.0,1.0
1.2,2,4,46,-0.5,1.264263672078163,1.0693999160229828
1.2,2,4,46,-1.0,1.582273321863023,1.1749694827861614
1.2,2,4,46,-2.0,2.415084767504488,1.4003291618957
1.2,2,4,46,-4.0,5.1874412875774265,2.0381077160335934
1.2,2,4,46,-6.0,10.282816224407696,2.9622132582008573
1.2,2,4,47,0.5,0.7818921886213052,0.986894279701654
1.2,2,4,47,0.0,1.0,1.0
1.2,2,4,47,-0.5,1.264263672078163,1.0589298147560977
1.2,2,4,47,-1.0,1.582273321863023,1.1249367140987674
1.2,2,4,47,-2.0,2.415084767504488,1.2828256693625262
1.2,2,4,47,-4.0,5.1874412875774265,1.6950642265439786
1.2,2,4,47,-6.0,10.282816224407696,2.271658582148209
1.2,2,4,48,0.5,0.7818921886213052,0.9842373196073579
1.2,2,4,48,0.0,1.0,1.0
1.2,2,4,48,-0.5,1.264263672078163,1.1918315758196334
1.2,2,4,48,-1.0,1.582273321863023,1.4694475724393397
1.2,2,4,48,-2.0,2.415084767504488,2.3989225350718835
1.2,2,4,48,-4.0,5.1874412875774265,6.477175836054797
1.2,2,4,48,-6.0,10.282816224407696,17.44475438643475
1.2,2,4,49,0.5,0.7818921886213052,0.9549895034138987
1.2,2,4,49,0.0,1.0,1.0
1.2,2,4,49,-0.5,1.264263672078163,1.0791122994434625
1.2,2,4,49,-1.0,1.582273321863023,1.2135224219136214
1.2,2,4,49,-2.0,2.415084767504488,1.5370238899298145
1.2,2,4,49,-4.0,5.1874412875774265,2.518981224384495
1.2,2,4,49,-6.0,10.282816224407696,4.133551034592916
1.5,2,4,0,0.5,0.6769483974617138,0.9744963619399724
1.5,2,4,0,0.0,1.0,1.0
1.5,2,4,0,-0.5,1.4360039925734578,1.191897905121794
1.5,2,4,0,-1.0,2.015035999061725,1.473854222968719
1.5,2,4,0,-2.0,3.7558748925962315,2.391422813252049
1.5,2,4,0,-4.0,11.150868673469775,6.281155658886939
1.5,2,4,0,-6.0,28.737348374899014,16.137020579342334
1.5,2,4,1,0.5,0.6769483974617138,0.9850510445725817
1.5,2,4,1,0.0,1.0,1.0
1.5,2,4,1,-0.5,1.4360039925734578,1.211106589081471
1.5,2,4,1,-1.0,2.015035999061725,1.469721664363269
1.5,2,4,1,-2.0,3.7558748925962315,2.1668859048330393
1.5,2,4,1,-4.0,11.150868673469775,4.770893426089261
1.5,2,4,1,-6.0,28.737348374899014,10.099694625742892
1.5,2,4,2,0.5,0.6769483974617138,0.9505996408515521
1.5,2,4,2,0.0,1.0,1.0
1.5,2,4,2,-0.5,1.4360039925734578,1.6540980351431556
1.5,2,4,2,-1.0,2.015035999061725,3.0157336108822017
1.5,2,4,2,-2.0,3.7558748925962315,9.919435750555145
1.5,2,4,2,-4.0,11.150868673469775,90.84618268186243
1.5,2,4,2,-6.0,28.737348374899014,173.2270688570909
1.5,2,4,3,0.5,0.6769483974617138,0.9219509200072532
1.5,2,4,3,0.0,1.0,1.0
1.5,2,4,3,-0.5,1.4360039925734578,1.6849787888952945
1.5,2,4,3,-1.0,2.015035999061725,3.178234506769989
1.5,2,4,3,-2.0,3.7558748925962315,12.091776250931668
1.5,2,4,3,-4.0,11.150868673469775,66.33453549928379
1.5,2,4,3,-6.0,28.737348374899014,61.60546453162501
1.5,2,4,4,0.5,0.6769483974617138,0.9543044284474541
1.5,2,4,4,0.0,1.0,1.0
1.5,2,4,4,-0.5,1.4360039925734578,1.144782656935829
1.5,2,4,4,-1.0,2.015035999061725,1.4927568675526217
1.5,2,4,4,-2.0,3.7558748925962315,2.520566435784487
1.5,2,4,4,-4.0,11.150868673469775,7.108398877032504
1.5,2,4,4,-6.0,28.737348374899014,18.787928094500526
1.5,2,4,5,0.5,0.6769483974617138,0.9605997140050734
1.5,2,4,5,0.0,1.0,1.0
1.5,2,4,5,-0.5,1.4360039925734578,1.1834905658756962
1.5,2,4,5,-1.0,2.015035999061725,1.5762585126002957
1.5,2,4,5,-2.0,3.7558748925962315,2.8828563798013938
1.5,2,4,5,-4.0,11.150868673469775,9.547151322670553
1.5,2,4,5,-6.0,28.737348374899014,29.81705782015125
1.5,2,4,6,0.5,0.6769483974617138,0.9518818805137845
1.5,2,4,6,0.0,1.0,1.0
1.5,2,4,6,-0.5,1.4360039925734578,1.2763849825027203
1.5,2,4,6,-1.0,2.015035999061725,1.685166218195467
1.5,2,4,6,-2.0,3.7558748925962315,3.0536322224854873
1.5,2,4,6,-4.0,11.150868673469775,10.058683168885516
1.5,2,4,6,-6.0,28.737348374899014,30.66528783920367
1.5,2,4,7,0.5,0.6769483974617138,0.9399033852657093
1.5,2,4,7,0.0,1.0,1.0
1.5,2,4,7,-0.5,1.4360039925734578,1.1574404445461075
1.5,2,4,7,-1.0,2.015035999061725,1.4067351148021838
1.5,2,4,7,-2.0,3.7558748925962315,2.3173468082371858
1.5,2,4,7,-4.0,11.150868673469775,7.025792115560982
1.5,2,4,7,-6.0,28.737348374899014,21.169500201715728
1.5,2,4,8,0.5,0.6769483974617138,0.9484023540361101
1.5,2,4,8,0.0,1.0,1.0
1.5,2,4,8,-0.5,1.4360039925734578,1.1417168082659082
1.5,2,4,8,-1.0,2.015035999061725,1.3845113715846746
1.5,2,4,8,-2.0,3.7558748925962315,2.3819985128662458
1.5,2,4,8,-4.0,11.150868673469775,7.250029202045497
1.5,2,4,8,-6.0,28.737348374899014,21.30815437082005
1.5,2,4,9,0.5,0.6769483974617138,0.9693326762884423
1.5,2,4,9,0.0,1.0,1.0
1.5,2,4,9,-0.5,1.4360039925734578,1.2360819619463257
1.5,2,4,9,-1.0,2.015035999061725,1.5899916187217742
1.5,2,4,9,-2.0,3.7558748925962315,2.730539515882263
1.5,2,4,9,-4.0,11.150868673469775,7.882617353321295
1.5,2,4,9,-6.0,28.737348374899014,21.616724530444667
1.5,2,4,10,0.5,0.6769483974617138,0.9660930956322071
1.5,2,4,10,0.0,1.0,1.0
1.5,2,4,10,-0.5,1.4360039925734578,1.261739558384357
1.5,2,4,10,-1.0,2.015035999061725,1.6053885996968882
1.5,2,4,10,-2.0,3.7558748925962315,2.614944581426106
1.5,2,4,10,-4.0,11.150868673469775,6.680741944299446
1.5,2,4,10,-6.0,28.737348374899014,16.411938651331674
1.5,2,4,11,0.5,0.6769483974617138,0.9683128689502062
1.5,2,4,11,0.0,1.0,1.0
1.5,2,4,11,-0.5,1.4360039925734578,1.1491667370657375
1.5,2,4,11,-1.0,2.015035999061725,1.3412526488363392
1.5,2,4,11,-2.0,3.7558748925962315,1.8468629136644419
1.5,2,4,11,-4.0,11.150868673469775,3.642246035019426
1.5,2,4,11,-6.0,28.737348374899014,7.153136444545347
1.5,2,4,12,0.5,0.6769483974617138,0.9657487951704278
1.5,2,4,12,0.0,1.0,1.0
1.5,2,4,12,-0.5,1.4360039925734578,1.1790637842136782
1.5,2,4,12,-1.0,2.015035999061725,1.3956516545265865
1.5,2,4,12,-2.0,3.7558748925962315,1.9611125635813949
1.5,2,4,12,-4.0,11.150868673469775,4.083915585835288
1.5,2,4,12,-6.0,28.737348374899014,8.302650443600172
1.5,2,4,13,0.5,0.6769483974617138,0.9265465035947773
1.5,2,4,13,0.0,1.0,1.0
1.5,2,4,13,-0.5,1.4360039925734578,1.262639742571269
1.5,2,4,13,-1.0,2.015035999061725,1.7690829579728833
1.5,2,4,13,-2.0,3.7558748925962315,4.049879503272658
1.5,2,4,13,-4.0,11.150868673469775,19.85844688210005
1.5,2,4,13,-6.0,28.737348374899014,67.34958619827846
1.5,2,4,14,0.5,0.6769483974617138,0.9736857183154259
1.5,2,4,14,0.0,1.0,1.0
1.5,2,4,14,-0.5,1.4360039925734578,1.0578098122062014
1.5,2,4,14,-1.0,2.015035999061725,1.13019972657878
1.5,2,4,14,-2.0,3.7558748925962315,1.2764244973180678
1.5,2,4,14,-4.0,11.150868673469775,1.658121260616253
1.5,2,4,14,-6.0,28.737348374899014,2.1978613326377436
1.5,2,4,15,0.5,0.6769483974617138,0.9857912488257612
1.5,2,4,15,0.0,1.0,1.0
1.5,2,4,15,-0.5,1.4360039925734578,2.0212050215099784
1.5,2,4,15,-1.0,2.015035999061725,4.230065024532721
1.5,2,4,15,-2.0,3.7558748925962315,17.73795713395711
1.5,2,4,15,-4.0,11.150868673469775,206.09139449780017
1.5,2,4,15,-6.0,28.737348374899014,225.29576425296992
1.5,2,4,16,0.5,0.6769483974617138,0.977537160354351
1.5,2,4,16,0.0,1.0,1.0
1.5,2,4,16,-0.5,1.4360039925734578,1.437383538328943
1.5,2,4,16,-1.0,2.015035999061725,2.1329115108538454
1.5,2,4,16,-2.0,3.7558748925962315,4.685941048611791
1.5,2,4,16,-4.0,11.150868673469775,20.915679493830794
1.5,2,4,16,-6.0,28.737348374899014,83.00569902751522
1.5,2,4,17,0.5,0.6769483974617138,0.9630146752243081
1.5,2,4,17,0.0,1.0,1.0
1.5,2,4,17,-0.5,1.4360039925734578,1.4055440491509068
1.5,2,4,17,-1.0,2.015035999061725,2.083518177070596
1.5,2,4,17,-2.0,3.7558748925962315,4.641663701053159
1.5,2,4,17,-4.0,11.150868673469775,21.237487570214796
1.5,2,4,17,-6.0,28.737348374899014,74.9038443817639
1.5,2,4,18,0.5,0.6769483974617138,0.9579221936898509
1.5,2,4,18,0.0,1.0,1.0
1.5,2,4,18,-0.5,1.4360039925734578,1.2375768835901322
1.5,2,4,18,-1.0,2.015035999061725,1.551172494106848
1.5,2,4,18,-2.0,3.7558748925962315,2.4303629722746454
1.5,2,4,18,-4.0,11.150868673469775,5.990805649821437
1.5,2,4,18,-6.0,28.737348374899014,13.992701322282326
1.5,2,4,19,0.5,0.6769483974617138,0.960153164275546
1.5,2,4,19,0.0,1.0,1.0
1.5,2,4,19,-0.5,1.4360039925734578,1.268812282818046
1.5,2,4,19,-1.0,2.015035999061725,1.715993217114327
1.5,2,4,19,-2.0,3.7558748925962315,3.4115881587233723
1.5,2,4,19,-4.0,11.150868673469775,13.461306573937483
1.5,2,4,19,-6.0,28.737348374899014,48.39811592487231
1.5,2,4,20,0.5,0.6769483974617138,0.9847023406292352
1.5,2,4,20,0.0,1.0,1.0
1.5,2,4,20,-0.5,1.4360039925734578,2.3272345634026976
1.5,2,4,20,-1.0,2.015035999061725,5.701590260962796
1.5,2,4,20,-2.0,3.7558748925962315,30.347912074531187
1.5,2,4,20,-4.0,11.150868673469775,200.3337761605057
1.5,2,4,20,-6.0,28.737348374899014,159.5632159059764
1.5,2,4,21,0.5,0.6769483974617138,0.9816894623734093
1.5,2,4,21,0.0,1.0,1.0
1.5,2,4,21,-0.5,1.4360039925734578,1.1244270200465376
1.5,2,4,21,-1.0,2.015035999061725,1.2854474501481905
1.5,2,4,21,-2.0,3.7558748925962315,1.7126205753168005
1.5,2,4,21,-4.0,11.150868673469775,3.1130977882789237
1.5,2,4,21,-6.0,28.737348374899014,5.739636186566838
1.5,2,4,22,0.5,0.6769483974617138,0.9534504197216597
1.5,2,4,22,0.0,1.0,1.0
1.5,2,4,22,-0.5,1.4360039925734578,1.1849763853144017
1.5,2,4,22,-1.0,2.015035999061725,1.523645155051722
1.5,2,4,22,-2.0,3.7558748925962315,2.622144376509344
1.5,2,4,22,-4.0,11.150868673469775,7.4971036468409755
1.5,2,4,22,-6.0,28.737348374899014,20.07540423835199
1.5,2,4,23,0.5,0.6769483974617138,0.9250870421760197
1.5,2,4,23,0.0,1.0,1.0
1.5,2,4,23,-0.5,1.4360039925734578,1.6324302446984054
1.5,2,4,23,-1.0,2.015035999061725,3.284985357524464
1.5,2,4,23,-2.0,3.7558748925962315,12.787401404254862
1.5,2,4,23,-4.0,11.150868673469775,127.09737743986213
1.5,2,4,23,-6.0,28.737348374899014,236.37260860833615
1.5,2,4,24,0.5,0.6769483974617138,0.9376696796453817
1.5,2,4,24,0.0,1.0,1.0
1.5,2,4,24,-0.5,1.4360039925734578,1.198875493696914
1.5,2,4,24,-1.0,2.015035999061725,1.4651420429876838
1.5,2,4,24,-2.0,3.7558748925962315,2.3030778337155984
1.5,2,4,24,-4.0,11.150868673469775,6.806563600652703
1.5,2,4,24,-6.0,28.737348374899014,19.418301244274296
1.5,2,4,25,0.5,0.6769483974617138,0.9681204429185304
1.5,2,4,25,0.0,1.0,1.0
1.5,2,4,25,-0.5,1.4360039925734578,1.1089235274837843
1.5,2,4,25,-1.0,2.015035999061725,1.2448212000332566
1.5,2,4,25,-2.0,3.7558748925962315,1.6508299717318038
1.5,2,4,25,-4.0,11.150868673469775,3.595330754605919
1.5,2,4,25,-6.0,28.737348374899014,8.127248580685292
1.5,2,4,26,0.5,0.6769483974617138,0.9666613652043604
1.5,2,4,26,0.0,1.0,1.0
1.5,2,4,26,-0.5,1.4360039925734578,1.8629540175378283
1.5,2,4,26,-1.0,2.015035999061725,3.6904687891710877
1.5,2,4,26,-2.0,3.7558748925962315,14.420074681062244
1.5,2,4,26,-4.0,11.150868673469775,136.7488205187284
1.5,2,4,26,-6.0,28.737348374899014,142.39173286335824
1.5,2,4,27,0.5,0.6769483974617138,0.9570339312987515
1.5,2,4,27,0.0,1.0,1.0
1.5,2,4,27,-0.5,1.4360039925734578,1.4389735910162254
1.5,2,4,27,-1.0,2.015035999061725,2.4863098652554663
1.5,2,4,27,-2.0,3.7558748925962315,7.4592837529345335
1.5,2,4,27,-4.0,11.150868673469775,59.414265586180385
1.5,2,4,27,-6.0,28.737348374899014,216.45895052309308
1.5,2,4,28,0.5,0.6769483974617138,0.9646849287138084
1.5,2,4,28,0.0,1.0,1.0
1.5,2,4,28,-0.5,1.4360039925734578,1.2721339523438113
1.5,2,4,28,-1.0,2.015035999061725,1.672229879768755
1.5,2,4,28,-2.0,3.7558748925962315,2.920414020232835
1.5,2,4,28,-4.0,11.150868673469775,8.783952085950409
1.5,2,4,28,-6.0,28.737348374899014,25.40304448334781
1.5,2,4,29,0.5,0.6769483974617138,0.9119464633235012
1.5,2,4,29,0.0,1.0,1.0
1.5,2,4,29,-0.5,1.4360039925734578,1.3253575410189913
1.5,2,4,29,-1.0,2.015035999061725,1.8315851923994797
1.5,2,4,29,-2.0,3.7558748925962315,3.3887181891293636
1.5,2,4,29,-4.0,11.150868673469775,14.488824601468897
1.5,2,4,29,-6.0,28.737348374899014,44.148220683865844
1.5,2,4,30,0.5,0.6769483974617138,0.9873856848193077
1.5,2,4,30,0.0,1.0,1.0
1.5,2,4,30,-0.5,1.4360039925734578,1.1994055303341904
1.5,2,4,30,-1.0,2.015035999061725,1.480948496241388
1.5,2,4,30,-2.0,3.7558748925962315,2.2460122671609164
1.5,2,4,30,-4.0,11.150868673469775,5.29779870158183
1.5,2,4,30,-6.0,28.737348374899014,12.360203707672655
1.5,2,4,31,0.5,0.6769483974617138,0.9882817943447717
1.5,2,4,31,0.0,1.0,1.0
1.5,2,4,31,-0.5,1.4360039925734578,1.1371125624975547
1.5,2,4,31,-1.0,2.015035999061725,1.296463000272506
1.5,2,4,31,-2.0,3.7558748925962315,1.6833282698887488
1.5,2,4,31,-4.0,11.150868673469775,2.8601481958836406
1.5,2,4,31,-6.0,28.737348374899014,4.833451179860505
1.5,2,4,32,0.5,0.6769483974617138,0.9533298082853002
1.5,2,4,32,0.0,1.0,1.0
1.5,2,4,32,-0.5,1.4360039925734578,1.3585287995072648
1.5,2,4,32,-1.0,2.015035999061725,2.049802803562744
1.5,2,4,32,-2.0,3.7558748925962315,4.580451747076847
1.5,2,4,32,-4.0,11.150868673469775,20.907813134686577
1.5,2,4,32,-6.0,28.737348374899014,82.86407259033663
1.5,2,4,33,0.5,0.6769483974617138,0.9238555235100951
1.5,2,4,33,0.0,1.0,1.0
1.5,2,4,33,-0.5,1.4360039925734578,1.3498112264568813
1.5,2,4,33,-1.0,2.015035999061725,1.9541049449561465
1.5,2,4,33,-2.0,3.7558748925962315,4.499427692842851
1.5,2,4,33,-6.0,28.737348374899014,73.37083728684998
1.5,2,4,34,0.5,0.6769483974617138,0.9497025850312849
1.5,2,4,34,0.0,1.0,1.0
1.5,2,4,34,-0.5,1.4360039925734578,1.1302070461745541
1.5,2,4,34,-1.0,2.015035999061725,1.2865065380565595
1.5,2,4,34,-2.0,3.7558748925962315,1.7029365341994693
1.5,2,4,34,-4.0,11.150868673469775,3.065176911628449
1.5,2,4,34,-6.0,28.737348374899014,5.7279302440231685
1.5,2,4,35,0.5,0.6769483974617138,0.9156895841138143
1.5,2,4,35,0.0,1.0,1.0
1.5,2,4,35,-0.5,1.4360039925734578,1.7628956576068857
1.5,2,4,35,-1.0,2.015035999061725,3.090071598425698
1.5,2,4,35,-2.0,3.7558748925962315,8.86807391326557
1.5,2,4,35,-4.0,11.150868673469775,37.25469076673302
1.5,2,4,35,-6.0,28.737348374899014,45.898111110954744
1.5,2,4,36,0.5,0.6769483974617138,0.9592323653047757
1.5,2,4,36,0.0,1.0,1.0
1.5,2,4,36,-0.5,1.4360039925734578,1.2356832107078348
1.5,2,4,36,-1.0,2.015035999061725,1.5493978977299463
1.5,2,4,36,-2.0,3.7558748925962315,2.667916894009678
1.5,2,4,36,-4.0,11.150868673469775,7.617003021101093
1.5,2,4,36,-6.0,28.737348374899014,20.795224950153337
1.5,2,4,37,0.5,0.6769483974617138,0.9656628469673398
1.5,2,4,37,0.0,1.0,1.0
1.5,2,4,37,-0.5,1.4360039925734578,1.120730496742446
1.5,2,4,37,-1.0,2.015035999061725,1.2781256845227216
1.5,2,4,37,-2.0,3.7558748925962315,1.6907232263747785
1.5,2,4,37,-4.0,11.150868673469775,3.138086446878319
1.5,2,4,37,-6.0,28.737348374899014,5.792434800295659
1.5,2,4,38,0.5,0.6769483974617138,0.9594243429155461
1.5,2,4,38,0.0,1.0,1.0
1.5,2,4,38,-0.5,1.4360039925734578,1.1695706043471334
1.5,2,4,38,-1.0,2.015035999061725,1.5256661650366465
1.5,2,4,38,-2.0,3.7558748925962315,2.5776966640605776
1.5,2,4,38,-4.0,11.150868673469775,7.283521715190091
1.5,2,4,39,0.5,0.6769483974617138,0.9603915582606771
1.5,2,4,39,0.0,1.0,1.0
1.5,2,4,39,-0.5,1.4360039925734578,1.2253181204906902
1.5,2,4,39,-1.0,2.015035999061725,1.4976214865096344
1.5,2,4,39,-2.0,3.7558748925962315,2.3099727621961454
1.5,2,4,39,-4.0,11.150868673469775,5.917108799746333
1.5,2,4,39,-6.0,28.737348374899014,15.187520411733455
1.5,2,4,40,0.5,0.6769483974617138,0.9583601260357587
1.5,2,4,40,0.0,1.0,1.0
1.5,2,4,40,-0.5,1.4360039925734578,1.2816976852215158
1.5,2,4,40,-1.0,2.015035999061725,1.7503367845088629
1.5,2,4,40,-2.0,3.7558748925962315,3.3416519354050984
1.5,2,4,40,-4.0,11.150868673469775,12.478528736929919
1.5,2,4,40,-6.0,28.737348374899014,43.86520224075689
1.5,2,4,41,0.5,0.6769483974617138,0.964701600617076
1.5,2,4,41,0.0,1.0,1.0
1.5,2,4,41,-0.5,1.4360039925734578,1.318535244529555
1.5,2,4,41,-1.0,2.015035999061725,1.8364417810372746
1.5,2,4,41,-2.0,3.7558748925962315,3.716690209055612
1.5,2,4,41,-4.0,11.150868673469775,14.266772025590715
1.5,2,4,41,-6.0,28.737348374899014,49.33240428887154
1.5,2,4,42,0.5,0.6769483974617138,0.9724889970475479
1.5,2,4,42,0.0,1.0,1.0
1.5,2,4,42,-0.5,1.4360039925734578,1.3294566198393363
1.5,2,4,42,-1.0,2.015035999061725,1.8153273742260307
1.5,2,4,42,-2.0,3.7558748925962315,3.4397868137427365
1.5,2,4,42,-4.0,11.150868673469775,12.096076315842966
1.5,2,4,43,0.5,0.6769483974617138,0.9585209139636746
1.5,2,4,43,0.0,1.0,1.0
1.5,2,4,43,-0.5,1.4360039925734578,1.1196156494376308
1.5,2,4,43,-1.0,2.015035999061725,1.3098470412939396
1.5,2,4,43,-2.0,3.7558748925962315,1.8470692425451953
1.5,2,4,43,-4.0,11.150868673469775,3.736221462359016
1.5,2,4,43,-6.0,28.737348374899014,7.1563697587011195
1.5,2,4,44,0.5,0.6769483974617138,0.9678226053041876
1.5,2,4,44,0.0,1.0,1.0
1.5,2,4,44,-0.5,1.4360039925734578,1.1437202119385246
1.5,2,4,44,-1.0,2.015035999061725,1.3154233696083653
1.5,2,4,44,-2.0,3.7558748925962315,1.8047855799031067
1.5,2,4,44,-4.0,11.150868673469775,3.4262452970005413
1.5,2,4,44,-6.0,28.737348374899014,6.483352293348513
1.5,2,4,45,0.5,0.6769483974617138,0.9588094191380396
1.5,2,4,45,0.0,1.0,1.0
1.5,2,4,45,-0.5,1.4360039925734578,1.1493856301652356
1.5,2,4,45,-1.0,2.015035999061725,1.4317464089084653
1.5,2,4,45,-2.0,3.7558748925962315,2.3880133602786624
1.5,2,4,45,-4.0,11.150868673469775,6.9549487431006805
1.5,2,4,45,-6.0,28.737348374899014,19.723994330954742
1.5,2,4,46,0.5,0.6769483974617138,0.9493280269556934
1.5,2,4,46,0.0,1.0,1.0
1.5,2,4,46,-0.5,1.4360039925734578,1.1310036101525915
1.5,2,4,46,-1.0,2.015035999061725,1.3000236681414654
1.5,2,4,46,-2.0,3.7558748925962315,1.7216256027582522
1.5,2,4,46,-4.0,11.150868673469775,3.101924575292315
1.5,2,4,46,-6.0,28.737348374899014,5.536932939479896
1.5,2,4,47,0.5,0.6769483974617138,0.980812046467257
1.5,2,4,47,0.0,1.0,1.0
1.5,2,4,47,-0.5,1.4360039925734578,1.083503855488472
1.5,2,4,47,-1.0,2.015035999061725,1.2198556181057176
1.5,2,4,47,-2.0,3.7558748925962315,1.4998947436449124
1.5,2,4,47,-4.0,11.150868673469775,2.352651777235996
1.5,2,4,47,-6.0,28.737348374899014,3.6763920392292633
1.5,2,4,48,0.5,0.6769483974617138,0.9772567358848495
1.5,2,4,48,0.0,1.0,1.0
1.5,2,4,48,-0.5,1.4360039925734578,1.3489241566276813
1.5,2,4,48,-1.0,2.015035999061725,1.9437408782393824
1.5,2,4,48,-2.0,3.7558748925962315,4.189098363945471
1.5,2,4,48,-6.0,28.737348374899014,82.47381281973324
1.5,2,4,49,0.5,0.6769483974617138,0.958664053100994
1.5,2,4,49,0.0,1.0,1.0
1.5,2,4,49,-0.5,1.4360039925734578,1.1604534198060417
1.5,2,4,49,-1.0,2.015035999061725,1.3563155010543415
1.5,2,4,49,-2.0,3.7558748925962315,2.0268492276786376
1.5,2,4,49,-4.0,11.150868673469775,4.395950993183843
1.5,2,4,49,-6.0,28.737348374899014,9.346047688709302
0.8,3,6,0,0.5,0.8977818842738932,0.9658493131207071
0.8,3,6,0,0.0,1.0,1.0
0.8,3,6,0,-0.5,1.1113232970947498,1.0985865599597266
0.8,3,6,0,-1.0,1.2323941181210039,1.2155301872722368
0.8,3,6,0,-2.0,1.5065359277077244,1.4932834617234854
0.8,3,6,0,-4.0,2.204423086043723,2.3013784388975256
0.8,3,6,0,-6.0,3.1496856357366823,3.585551830653849
0.8,3,6,1,0.5,0.8977818842738932,0.9752644492582081
0.8,3,6,1,0.0,1.0,1.0
0.8,3,6,1,-0.5,1.1113232970947498,1.0412105530158542
0.8,3,6,1,-1.0,1.2323941181210039,1.0890162175604745
0.8,3,6,1,-2.0,1.5065359277077244,1.196450103674107
0.8,3,6,1,-4.0,2.204423086043723,1.4436973124785857
0.8,3,6,1,-6.0,3.1496856357366823,1.749535107932325
0.8,3,6,2,0.5,0.8977818842738932,0.9821552275430238
0.8,3,6,2,0.0,1.0,1.0
0.8,3,6,2,-0.5,1.1113232970947498,1.0741893421652178
0.8,3,6,2,-1.0,1.2323941181210039,1.1603984016174766
0.8,3,6,2,-2.0,1.5065359277077244,1.3587252938340333
0.8,3,6,2,-4.0,2.204423086043723,1.8964218355568092
0.8,3,6,2,-6.0,3.1496856357366823,2.6661751420223956
0.8,3,6,3,0.5,0.8977818842738932,0.9660079319008952
0.8,3,6,3,0.0,1.0,1.0
0.8,3,6,3,-0.5,1.1113232970947498,1.0459607011300884
0.8,3,6,3,-1.0,1.2323941181210039,1.102543950174235
0.8,3,6,3,-2.0,1.5065359277077244,1.2174752752048257
0.8,3,6,3,-4.0,2.204423086043723,1.4786683806040004
0.8,3,6,3,-6.0,3.1496856357366823,1.8492285464880729
0.8,3,6,4,0.5,0.8977818842738932,0.973961890855399
0.8,3,6,4,0.0,1.0,1.0
0.8,3,6,4,-0.5,1.1113232970947498,1.0755382750923097
0.8,3,6,4,-1.0,1.2323941181210039,1.1706970125516942
0.8,3,6,4,-2.0,1.5065359277077244,1.387671190827402
0.8,3,6,4,-4.0,2.204423086043723,2.009597421119871
0.8,3,6,4,-6.0,3.1496856357366823,2.9419699841791984
0.8,3,6,5,0.5,0.8977818842738932,0.9604424813650085
0.8,3,6,5,0.0,1.0,1.0
0.8,3,6,5,-0.5,1.1113232970947498,1.0705682197374564
0.8,3,6,5,-1.0,1.2323941181210039,1.1450391130922466
0.8,3,6,5,-2.0,1.5065359277077244,1.3251248372713487
0.8,3,6,5,-4.0,2.204423086043723,1.7852242154546816
0.8,3,6,5,-6.0,3.1496856357366823,2.4185184793241508
0.8,3,6,6,0.5,0.8977818842738932,0.9811360093007158
0.8,3,6,6,0.0,1.0,1.0
0.8,3,6,6,-0.5,1.1113232970947498,1.1302586687207317
0.8,3,6,6,-1.0,1.2323941181210039,1.2979661873539228
0.8,3,6,6,-2.0,1.5065359277077244,1.7345161897802317
0.8,3,6,6,-4.0,2.204423086043723,3.1892730015816415
0.8,3,6,6,-6.0,3.1496856357366823,5.808761181891525
0.8,3,6,7,0.5,0.8977818842738932,0.9752152209050449
0.8,3,6,7,0.0,1.0,1.0
0.8,3,6,7,-0.5,1.1113232970947498,1.0625312994049696
0.8,3,6,7,-1.0,1.2323941181210039,1.1378451087990609
0.8,3,6,7,-2.0,1.5065359277077244,1.3265566956512318
0.8,3,6,7,-4.0,2.204423086043723,1.7962243543111416
0.8,3,6,7,-6.0,3.1496856357366823,2.4370418140329115
0.8,3,6,8,0.5,0.8977818842738932,0.9753169111611515
0.8,3,6,8,0.0,1.0,1.0
0.8,3,6,8,-0.5,1.1113232970947498,1.0669230442510207
0.8,3,6,8,-1.0,1.2323941181210039,1.1432911278038227
0.8,3,6,8,-2.0,1.5065359277077244,1.324942784924463
0.8,3,6,8,-4.0,2.204423086043723,1.8089935057735176
0.8,3,6,8,-6.0,3.1496856357366823,2.479591494886875
0.8,3,6,9,0.5,0.8977818842738932,0.9783210367779546
0.8,3,6,9,0.0,1.0,1.0
0.8,3,6,9,-0.5,1.1113232970947498,1.0682118088259762
0.8,3,6,9,-1.0,1.2323941181210039,1.1527832454236793
0.8,3,6,9,-2.0,1.5065359277077244,1.358934940532625
0.8,3,6,9,-4.0,2.204423086043723,1.9157865540482113
0.8,3,6,9,-6.0,3.1496856357366823,2.720647518041448
0.8,3,6,10,0.5,0.8977818842738932,0.9803421191686548
0.8,3,6,10,0.0,1.0,1.0
0.8,3,6,10,-0.5,1.1113232970947498,1.0918454602505754
0.8,3,6,10,-1.0,1.2323941181210039,1.1993705204929286
0.8,3,6,10,-2.0,1.5065359277077244,1.4529519139003784
0.8,3,6,10,-4.0,2.204423086043723,2.211112777397851
0.8,3,6,10,-6.0,3.1496856357366823,3.391313664168512
0.8,3,6,11,0.5,0.8977818842738932,0.9760962550648236
0.8,3,6,11,0.0,1.0,1.0
0.8,3,6,11,-0.5,1.1113232970947498,1.0701056632973052
0.8,3,6,11,-1.0,1.2323941181210039,1.152050520629415
0.8,3,6,11,-2.0,1.5065359277077244,1.3975603267231302
0.8,3,6,11,-4.0,2.204423086043723,2.3505975171587874
0.8,3,6,11,-6.0,3.1496856357366823,4.2575005964746895
0.8,3,6,12,0.5,0.8977818842738932,0.9737323421481273
0.8,3,6,12,0.0,1.0,1.0
0.8,3,6,12,-0.5,1.1113232970947498,1.0426484458590672
0.8,3,6,12,-1.0,1.2323941181210039,1.0913440244233397
0.8,3,6,12,-2.0,1.5065359277077244,1.2024097519216836
0.8,3,6,12,-4.0,2.204423086043723,1.5057934503853847
0.8,3,6,12,-6.0,3.1496856357366823,1.9139696773926487
0.8,3,6,13,0.5,0.8977818842738932,0.9771149856523812
0.8,3,6,13,0.0,1.0,1.0
0.8,3,6,13,-0.5,1.1113232970947498,1.0534338982022038
0.8,3,6,13,-1.0,1.2323941181210039,1.111826663853021
0.8,3,6,13,-2.0,1.5065359277077244,1.2520631671135392
0.8,3,6,13,-4.0,2.204423086043723,1.61498160529879
0.8,3,6,13,-6.0,3.1496856357366823,2.110713994280894
0.8,3,6,14,0.5,0.8977818842738932,0.9691440186867778
0.8,3,6,14,0.0,1.0,1.0
0.8,3,6,14,-0.5,1.1113232970947498,1.0367402627363487
0.8,3,6,14,-1.0,1.2323941181210039,1.0750744215151489
0.8,3,6,14,-2.0,1.5065359277077244,1.1774080654237626
0.8,3,6,14,-4.0,2.204423086043723,1.374096053408811
0.8,3,6,14,-6.0,3.1496856357366823,1.6692338309510595
0.8,3,6,15,0.5,0.8977818842738932,0.9573861807019522
0.8,3,6,15,0.0,1.0,1.0
0.8,3,6,15,-0.5,1.1113232970947498,1.0803604760715417
0.8,3,6,15,-1.0,1.2323941181210039,1.1751204666348736
0.8,3,6,15,-2.0,1.5065359277077244,1.4321252212604438
0.8,3,6,15,-4.0,2.204423086043723,2.270714477281601
0.8,3,6,15,-6.0,3.1496856357366823,3.6513701491897668
0.8,3,6,16,0.5,0.8977818842738932,0.9594395666012021
0.8,3,6,16,0.0,1.0,1.0
0.8,3,6,16,-0.5,1.1113232970947498,1.0938939448024159
0.8,3,6,16,-1.0,1.2323941181210039,1.192584838311392
0.8,3,6,16,-2.0,1.5065359277077244,1.4542346353551245
0.8,3,6,16,-4.0,2.204423086043723,2.1794929033374837
0.8,3,6,16,-6.0,3.1496856357366823,3.3811783010096987
0.8,3,6,17,0.5,0.8977818842738932,0.9770507999349997
0.8,3,6,17,0.0,1.0,1.0
0.8,3,6,17,-0.5,1.1113232970947498,1.0594361680007278
0.8,3,6,17,-1.0,1.2323941181210039,1.1188211741364826
0.8,3,6,17,-2.0,1.5065359277077244,1.2618842343921048
0.8,3,6,17,-4.0,2.204423086043723,1.6287195127972123
0.8,3,6,17,-6.0,3.1496856357366823,2.0962378004331694
0.8,3,6,18,0.5,0.8977818842738932,0.9649681103094152
0.8,3,6,18,0.0,1.0,1.0
0.8,3,6,18,-0.5,1.1113232970947498,1.0518062880819008
0.8,3,6,18,-1.0,1.2323941181210039,1.1078392797145198
0.8,3,6,18,-2.0,1.5065359277077244,1.236247370018166
0.8,3,6,18,-4.0,2.204423086043723,1.625516987634561
0.8,3,6,18,-6.0,3.1496856357366823,2.4719035040547555
0.8,3,6,19,0.5,0.8977818842738932,0.96275264292206
0.8,3,6,19,0.0,1.0,1.0
0.8,3,6,19,-0.5,1.1113232970947498,1.0670186081482618
0.8,3,6,19,-1.0,1.2323941181210039,1.1458648266663753
0.8,3,6,19,-2.0,1.5065359277077244,1.3375454596769019
0.8,3,6,19,-4.0,2.204423086043723,1.9459398897219233
0.8,3,6,19,-6.0,3.1496856357366823,2.9257156082770837
0.8,3,6,20,0.5,0.8977818842738932,0.9710238247407422
0.8,3,6,20,0.0,1.0,1.0
0.8,3,6,20,-0.5,1.1113232970947498,1.0549001522005326
0.8,3,6,20,-1.0,1.2323941181210039,1.1163102242456067
0.8,3,6,20,-2.0,1.5065359277077244,1.2894476460254873
0.8,3,6,20,-4.0,2.204423086043723,1.8167673346420095
0.8,3,6,20,-6.0,3.1496856357366823,2.579300748234251
0.8,3,6,21,0.5,0.8977818842738932,0.96523179709412
0.8,3,6,21,0.0,1.0,1.0
0.8,3,6,21,-0.5,1.1113232970947498,1.0501699799045532
0.8,3,6,21,-1.0,1.2323941181210039,1.108058005135244
0.8,3,6,21,-2.0,1.5065359277077244,1.2735003890852117
0.8,3,6,21,-4.0,2.204423086043723,1.795841283887148
0.8,3,6,21,-6.0,3.1496856357366823,2.5717205667371186
0.8,3,6,22,0.5,0.8977818842738932,0.9695100885300789
0.8,3,6,22,0.0,1.0,1.0
0.8,3,6,22,-0.5,1.1113232970947498,1.0640761052496448
0.8,3,6,22,-1.0,1.2323941181210039,1.1349657826808905
0.8,3,6,22,-2.0,1.5065359277077244,1.3071189324866903
0.8,3,6,22,-4.0,2.204423086043723,1.7926385581447553
0.8,3,6,22,-6.0,3.1496856357366823,2.5492824732229393
0.8,3,6,23,0.5,0.8977818842738932,0.9789168103602288
0.8,3,6,23,0.0,1.0,1.0
0.8,3,6,23,-0.5,1.1113232970947498,1.1138751898614743
0.8,3,6,23,-1.0,1.2323941181210039,1.2422322725003807
0.8,3,6,23,-2.0,1.5065359277077244,1.562341988899491
0.8,3,6,23,-4.0,2.204423086043723,2.480562733539663
0.8,3,6,23,-6.0,3.1496856357366823,3.940273795169506
0.8,3,6,24,0.5,0.8977818842738932,0.9691535894763451
0.8,3,6,24,0.0,1.0,1.0
0.8,3,6,24,-0.5,1.1113232970947498,1.0399915894510767
0.8,3,6,24,-1.0,1.2323941181210039,1.0722024000930679
0.8,3,6,24,-2.0,1.5065359277077244,1.1681072855675876
0.8,3,6,24,-4.0,2.204423086043723,1.3807004221164452
0.8,3,6,24,-6.0,3.1496856357366823,1.6386051051001422
0.8,3,6,25,0.5,0.8977818842738932,0.9640869735723112
0.8,3,6,25,0.0,1.0,1.0
0.8,3,6,25,-0.5,1.1113232970947498,1.0607972478000849
0.8,3,6,25,-1.0,1.2323941181210039,1.128380380137128
0.8,3,6,25,-2.0,1.5065359277077244,1.3218079239068712
0.8,3,6,25,-4.0,2.204423086043723,1.90727266763782
0.8,3,6,25,-6.0,3.1496856357366823,2.860971724472233
0.8,3,6,26,0.5,0.8977818842738932,0.9652846026303881
0.8,3,6,26,0.0,1.0,1.0
0.8,3,6,26,-0.5,1.1113232970947498,1.0733654192080668
0.8,3,6,26,-1.0,1.2323941181210039,1.158262739925338
0.8,3,6,26,-2.0,1.5065359277077244,1.3816097191494383
0.8,3,6,26,-4.0,2.204423086043723,2.061822450140877
0.8,3,6,26,-6.0,3.1496856357366823,3.104114426709424
0.8,3,6,27,0.5,0.8977818842738932,0.9752585003368655
0.8,3,6,27,0.0,1.0,1.0
0.8,3,6,27,-0.5,1.1113232970947498,1.063623151565828
0.8,3,6,27,-1.0,1.2323941181210039,1.1324560953620384
0.8,3,6,27,-2.0,1.5065359277077244,1.3036569309280113
0.8,3,6,27,-4.0,2.204423086043723,1.7217736673581359
0.8,3,6,27,-6.0,3.1496856357366823,2.3111290107550064
0.8,3,6,28,0.5,0.8977818842738932,0.9449513118469147
0.8,3,6,28,0.0,1.0,1.0
0.8,3,6,28,-0.5,1.1113232970947498,1.076548065209695
0.8,3,6,28,-1.0,1.2323941181210039,1.1652404064315849
0.8,3,6,28,-2.0,1.5065359277077244,1.3695492201794692
0.8,3,6,28,-4.0,2.204423086043723,1.9617726155316149
0.8,3,6,28,-6.0,3.1496856357366823,3.007187827281488
0.8,3,6,29,0.5,0.8977818842738932,0.9785332864113224
0.8,3,6,29,0.0,1.0,1.0
0.8,3,6,29,-0.5,1.1113232970947498,1.058466036462131
0.8,3,6,29,-1.0,1.2323941181210039,1.1235748977572695
0.8,3,6,29,-2.0,1.5065359277077244,1.2901206142032455
0.8,3,6,29,-4.0,2.204423086043723,1.748078978961769
0.8,3,6,29,-6.0,3.1496856357366823,2.3717955058264515
0.8,3,6,30,0.5,0.8977818842738932,0.9751909760674633
0.8,3,6,30,0.0,1.0,1.0
0.8,3,6,30,-0.5,1.1113232970947498,1.0763382691615389
0.8,3,6,30,-1.0,1.2323941181210039,1.1697941743098972
0.8,3,6,30,-2.0,1.5065359277077244,1.4205064950279123
0.8,3,6,30,-4.0,2.204423086043723,2.355841984860617
0.8,3,6,30,-6.0,3.1496856357366823,3.9425222860017746
0.8,3,6,31,0.5,0.8977818842738932,0.9762483115523141
0.8,3,6,31,0.0,1.0,1.0
0.8,3,6,31,-0.5,1.1113232970947498,1.0713852681025435
0.8,3,6,31,-1.0,1.2323941181210039,1.1490532210183195
0.8,3,6,31,-2.0,1.5065359277077244,1.3305666664134725
0.8,3,6,31,-4.0,2.204423086043723,1.8199892193066958
0.8,3,6,31,-6.0,3.1496856357366823,2.47319172328766
0.8,3,6,32,0.5,0.8977818842738932,0.9499656084108019
0.8,3,6,32,0.0,1.0,1.0
0.8,3,6,32,-0.5,1.1113232970947498,1.066721377652881
0.8,3,6,32,-1.0,1.2323941181210039,1.148861004649634
0.8,3,6,32,-2.0,1.5065359277077244,1.3455873307834412
0.8,3,6,32,-4.0,2.204423086043723,1.8760393916974805
0.8,3,6,32,-6.0,3.1496856357366823,2.6408427612757057
0.8,3,6,33,0.5,0.8977818842738932,0.9869305363387008
0.8,3,6,33,0.0,1.0,1.0
0.8,3,6,33,-0.5,1.1113232970947498,1.039717006451754
0.8,3,6,33,-1.0,1.2323941181210039,1.0822953505509585
0.8,3,6,33,-2.0,1.5065359277077244,1.1801468470591274
0.8,3,6,33,-4.0,2.204423086043723,1.4245848902612637
0.8,3,6,33,-6.0,3.1496856357366823,1.7586142708433223
0.8,3,6,34,0.5,0.8977818842738932,0.9705763227528214
0.8,3,6,34,0.0,1.0,1.0
0.8,3,6,34,-0.5,1.1113232970947498,1.040633891328591
0.8,3,6,34,-1.0,1.2323941181210039,1.1007305184727363
0.8,3,6,34,-2.0,1.5065359277077244,1.2206037855313905
0.8,3,6,34,-4.0,2.204423086043723,1.567795070566142
0.8,3,6,34,-6.0,3.1496856357366823,2.0627156483067868
0.8,3,6,35,0.5,0.8977818842738932,0.9592261897254291
0.8,3,6,35,0.0,1.0,1.0
0.8,3,6,35,-0.5,1.1113232970947498,1.0752305249887932
0.8,3,6,35,-1.0,1.2323941181210039,1.1740452348996038
0.8,3,6,35,-2.0,1.5065359277077244,1.4475294817124564
0.8,3,6,35,-4.0,2.204423086043723,2.280944578752263
0.8,3,6,35,-6.0,3.1496856357366823,3.621662267176285
0.8,3,6,36,0.5,0.8977818842738932,0.9674304647793088
0.8,3,6,36,0.0,1.0,1.0
0.8,3,6,36,-0.5,1.1113232970947498,1.0357053345939198
0.8,3,6,36,-1.0,1.2323941181210039,1.07293353134908
0.8,3,6,36,-2.0,1.5065359277077244,1.1639733385342164
0.8,3,6,36,-4.0,2.204423086043723,1.365054575231647
0.8,3,6,36,-6.0,3.1496856357366823,1.6004936209887495
0.8,3,6,37,0.5,0.8977818842738932,0.974656567080566
0.8,3,6,37,0.0,1.0,1.0
0.8,3,6,37,-0.5,1.1113232970947498,1.075264932793475
0.8,3,6,37,-1.0,1.2323941181210039,1.173840002181121
0.8,3,6,37,-2.0,1.5065359277077244,1.379104814906514
0.8,3,6,37,-4.0,2.204423086043723,1.9260451790103053
0.8,3,6,37,-6.0,3.1496856357366823,2.6915717835240405
0.8,3,6,38,0.5,0.8977818842738932,0.9620696462969174
0.8,3,6,38,0.0,1.0,1.0
0.8,3,6,38,-0.5,1.1113232970947498,1.125054439757735
0.8,3,6,38,-1.0,1.2323941181210039,1.2802851531649904
0.8,3,6,38,-2.0,1.5065359277077244,1.6754559335133525
0.8,3,6,38,-4.0,2.204423086043723,2.913331024848405
0.8,3,6,38,-6.0,3.1496856357366823,5.079869913992118
0.8,3,6,39,0.5,0.8977818842738932,0.9692249143430616
0.8,3,6,39,0.0,1.0,1.0
0.8,3,6,39,-0.5,1.1113232970947498,1.1137159172022242
0.8,3,6,39,-1.0,1.2323941181210039,1.2605272131352112
0.8,3,6,39,-2.0,1.5065359277077244,1.6283565600912622
0.8,3,6,39,-4.0,2.204423086043723,2.7464358385686896
0.8,3,6,39,-6.0,3.1496856357366823,4.7344049173574625
0.8,3,6,40,0.5,0.8977818842738932,0.9557639964048329
0.8,3,6,40,0.0,1.0,1.0
0.8,3,6,40,-0.5,1.1113232970947498,1.0543412814681943
0.8,3,6,40,-1.0,1.2323941181210039,1.1096696515186177
0.8,3,6,40,-2.0,1.5065359277077244,1.2380492886288323
0.8,3,6,40,-4.0,2.204423086043723,1.5679229911475825
0.8,3,6,40,-6.0,3.1496856357366823,1.974573291748083
0.8,3,6,41,0.5,0.8977818842738932,0.9772087804989654
0.8,3,6,41,0.0,1.0,1.0
0.8,3,6,41,-0.5,1.1113232970947498,1.0395479251225161
0.8,3,6,41,-1.0,1.2323941181210039,1.0856471977194464
0.8,3,6,41,-2.0,1.5065359277077244,1.1921312220694509
0.8,3,6,41,-4.0,2.204423086043723,1.5752629732728642
0.8,3,6,41,-6.0,3.1496856357366823,2.2655099834678407
0.8,3,6,42,0.5,0.8977818842738932,0.9732758602366426
0.8,3,6,42,0.0,1.0,1.0
0.8,3,6,42,-0.5,1.1113232970947498,1.077924563091848
0.8,3,6,42,-1.0,1.2323941181210039,1.1623012332500142
0.8,3,6,42,-2.0,1.5065359277077244,1.352734754696699
0.8,3,6,42,-4.0,2.204423086043723,1.8446273562565298
0.8,3,6,42,-6.0,3.1496856357366823,2.515576933240516
0.8,3,6,43,0.5,0.8977818842738932,0.9667572745256299
0.8,3,6,43,0.0,1.0,1.0
0.8,3,6,43,-0.5,1.1113232970947498,1.080520914362853
0.8,3,6,43,-1.0,1.2323941181210039,1.1692071593028264
0.8,3,6,43,-2.0,1.5065359277077244,1.3820274523972245
0.8,3,6,43,-4.0,2.204423086043723,1.9370430308266102
0.8,3,6,43,-6.0,3.1496856357366823,2.7806966551904884
0.8,3,6,44,0.5,0.8977818842738932,0.9775255156233262
0.8,3,6,44,0.0,1.0,1.0
0.8,3,6,44,-0.5,1.1113232970947498,1.067167329247514
0.8,3,6,44,-1.0,1.2323941181210039,1.1444411871113618
0.8,3,6,44,-2.0,1.5065359277077244,1.3515563578205536
0.8,3,6,44,-4.0,2.204423086043723,1.9298479682426155
0.8,3,6,44,-6.0,3.1496856357366823,2.801030322453773
0.8,3,6,45,0.5,0.8977818842738932,0.9749352177746198
0.8,3,6,45,0.0,1.0,1.0
0.8,3,6,45,-0.5,1.1113232970947498,1.0355325539204945
0.8,3,6,45,-1.0,1.2323941181210039,1.0760892717229347
0.8,3,6,45,-2.0,1.5065359277077244,1.1676359716646822
0.8,3,6,45,-4.0,2.204423086043723,1.3909866095447363
0.8,3,6,45,-6.0,3.1496856357366823,1.73973214506186
0.8,3,6,46,0.5,0.8977818842738932,0.9689242858411548
0.8,3,6,46,0.0,1.0,1.0
0.8,3,6,46,-0.5,1.1113232970947498,1.0576297597936157
0.8,3,6,46,-1.0,1.2323941181210039,1.1233086607408973
0.8,3,6,46,-2.0,1.5065359277077244,1.2818408046991565
0.8,3,6,46,-4.0,2.204423086043723,1.770936045723709
0.8,3,6,46,-6.0,3.1496856357366823,2.5693817294445056
0.8,3,6,47,0.5,0.8977818842738932,0.9565663965523602
0.8,3,6,47,0.0,1.0,1.0
0.8,3,6,47,-0.5,1.1113232970947498,1.0743006244129711
0.8,3,6,47,-1.0,1.2323941181210039,1.1629001700891974
0.8,3,6,47,-2.0,1.5065359277077244,1.3629799256377222
0.8,3,6,47,-4.0,2.204423086043723,1.9071364788396807
0.8,3,6,47,-6.0,3.1496856357366823,2.7244524342619454
0.8,3,6,48,0.5,0.8977818842738932,0.978674192698876
0.8,3,6,48,0.0,1.0,1.0
0.8,3,6,48,-0.5,1.1113232970947498,1.0361357260637631
0.8,3,6,48,-1.0,1.2323941181210039,1.0709420823401128
0.8,3,6,48,-2.0,1.5065359277077244,1.1847627932697857
0.8,3,6,48,-4.0,2.204423086043723,1.5846102115558527
0.8,3,6,48,-6.0,3.1496856357366823,2.1995555477009106
0.8,3,6,49,0.5,0.8977818842738932,0.9477629530722529
0.8,3,6,49,0.0,1.0,1.0
0.8,3,6,49,-0.5,1.1113232970947498,1.07655110610031
0.8,3,6,49,-1.0,1.2323941181210039,1.1698129171164047
0.8,3,6,49,-2.0,1.5065359277077244,1.3591380390668863
0.8,3,6,49,-4.0,2.204423086043723,1.8828025741523713
0.8,3,6,49,-6.0,3.1496856357366823,2.5922268410806537
1.0,3,6,0,0.5,0.8440563052346255,0.9528729704092124
1.0,3,6,0,0.0,1.0,1.0
1.0,3,6,0,-0.5,1.1781835566085712,1.163199844069107
1.0,3,6,0,-1.0,1.3810978455418155,1.3619231749435206
1.0,3,6,0,-2.0,1.8722418031399823,1.9061426522081444
1.0,3,6,0,-4.0,3.2885291045020613,3.7914238379007483
1.0,3,6,0,-6.0,5.5066774632090025,7.509517676740232
1.0,3,6,1,0.5,0.8440563052346255,0.9564664367354553
1.0,3,6,1,0.0,1.0,1.0
1.0,3,6,1,-0.5,1.1781835566085712,1.0638883772576275
1.0,3,6,1,-1.0,1.3810978455418155,1.1476678827751998
1.0,3,6,1,-2.0,1.8722418031399823,1.326047181038284
1.0,3,6,1,-4.0,3.2885291045020613,1.8002947709716681
1.0,3,6,1,-6.0,5.5066774632090025,2.4864980962687446
1.0,3,6,2,0.5,0.8440563052346255,0.9734622697163676
1.0,3,6,2,0.0,1.0,1.0
1.0,3,6,2,-0.5,1.1781835566085712,1.1218519795578057
1.0,3,6,2,-1.0,1.3810978455418155,1.2672803660933725
1.0,3,6,2,-2.0,1.8722418031399823,1.6349597602169674
1.0,3,6,2,-4.0,3.2885291045020613,2.8086166210940604
1.0,3,6,2,-6.0,5.5066774632090025,4.826573233258149
1.0,3,6,3,0.5,0.8440563052346255,0.9565181501879246
1.0,3,6,3,0.0,1.0,1.0
1.0,3,6,3,-0.5,1.1781835566085712,1.076807590493399
1.0,3,6,3,-1.0,1.3810978455418155,1.1664991585156606
1.0,3,6,3,-2.0,1.8722418031399823,1.3693013502791722
1.0,3,6,3,-4.0,3.2885291045020613,1.8986644722904302
1.0,3,6,3,-6.0,5.5066774632090025,2.668441819901828
1.0,3,6,4,0.5,0.8440563052346255,0.9532900148974747
1.0,3,6,4,0.0,1.0,1.0
1.0,3,6,4,-0.5,1.1781835566085712,1.125276793780152
1.0,3,6,4,-1.0,1.3810978455418155,1.2873314584097284
1.0,3,6,4,-2.0,1.8722418031399823,1.7066184842405911
1.0,3,6,4,-4.0,3.2885291045020613,3.188715726419998
1.0,3,6,4,-6.0,5.5066774632090025,5.977037572717983
1.0,3,6,5,0.5,0.8440563052346255,0.9642553809453763
1.0,3,6,5,0.0,1.0,1.0
1.0,3,6,5,-0.5,1.1781835566085712,1.104987675472893
1.0,3,6,5,-1.0,1.3810978455418155,1.2456248952892812
1.0,3,6,5,-2.0,1.8722418031399823,1.5682674675228634
1.0,3,6,5,-4.0,3.2885291045020613,2.507974655437267
1.0,3,6,5,-6.0,5.5066774632090025,3.988569658133648
1.0,3,6,6,0.5,0.8440563052346255,0.9725074422836963
1.0,3,6,6,0.0,1.0,1.0
1.0,3,6,6,-0.5,1.1781835566085712,1.2212323583330367
1.0,3,6,6,-1.0,1.3810978455418155,1.523386196412365
1.0,3,6,6,-2.0,1.8722418031399823,2.422084049966316
1.0,3,6,6,-4.0,3.2885291045020613,6.257343773290625
1.0,3,6,6,-6.0,5.5066774632090025,15.519387070116439
1.0,3,6,7,0.5,0.8440563052346255,0.9627431809288101
1.0,3,6,7,0.0,1.0,1.0
1.0,3,6,7,-0.5,1.1781835566085712,1.1068464061427576
1.0,3,6,7,-1.0,1.3810978455418155,1.240627443750193
1.0,3,6,7,-2.0,1.8722418031399823,1.5694919911801335
1.0,3,6,7,-4.0,3.2885291045020613,2.521554880970349
1.0,3,6,7,-6.0,5.5066774632090025,4.054651575222085
1.0,3,6,8,0.5,0.8440563052346255,0.9642582051789493
1.0,3,6,8,0.0,1.0,1.0
1.0,3,6,8,-0.5,1.1781835566085712,1.1106793908669328
1.0,3,6,8,-1.0,1.3810978455418155,1.2412813553891475
1.0,3,6,8,-2.0,1.8722418031399823,1.57473485949589
1.0,3,6,8,-4.0,3.2885291045020613,2.581086630370811
1.0,3,6,8,-6.0,5.5066774632090025,4.226126246882308
1.0,3,6,9,0.5,0.8440563052346255,0.9443272129183694
1.0,3,6,9,0.0,1.0,1.0
1.0,3,6,9,-0.5,1.1781835566085712,1.1170539428211714
1.0,3,6,9,-1.0,1.3810978455418155,1.2638112811630426
1.0,3,6,9,-2.0,1.8722418031399823,1.6439140993137829
1.0,3,6,9,-4.0,3.2885291045020613,2.8568878650876743
1.0,3,6,9,-6.0,5.5066774632090025,4.987016161660919
1.0,3,6,10,0.5,0.8440563052346255,0.9716222979861463
1.0,3,6,10,0.0,1.0,1.0
1.0,3,6,10,-0.5,1.1781835566085712,1.1498394263845104
1.0,3,6,10,-1.0,1.3810978455418155,1.3355341933770943
1.0,3,6,10,-2.0,1.8722418031399823,1.840330629669021
1.0,3,6,10,-4.0,3.2885291045020613,3.5955118254124345
1.0,3,6,10,-6.0,5.5066774632090025,6.964896932597051
1.0,3,6,11,0.5,0.8440563052346255,0.9639499535518883
1.0,3,6,11,0.0,1.0,1.0
1.0,3,6,11,-0.5,1.1781835566085712,1.1140736688404216
1.0,3,6,11,-1.0,1.3810978455418155,1.270679655711648
1.0,3,6,11,-2.0,1.8722418031399823,1.834772763096821
1.0,3,6,11,-4.0,3.2885291045020613,4.584007901932342
1.0,3,6,11,-6.0,5.5066774632090025,11.831880661594077
1.0,3,6,12,0.5,0.8440563052346255,0.9607809819856562
1.0,3,6,12,0.0,1.0,1.0
1.0,3,6,12,-0.5,1.1781835566085712,1.0599495566828319
1.0,3,6,12,-1.0,1.3810978455418155,1.1422033799271698
1.0,3,6,12,-2.0,1.8722418031399823,1.3605591568003124
1.0,3,6,12,-4.0,3.2885291045020613,1.9820114944283298
1.0,3,6,12,-6.0,5.5066774632090025,2.8958747507228697
1.0,3,6,13,0.5,0.8440563052346255,0.970133915133153
1.0,3,6,13,0.0,1.0,1.0
1.0,3,6,13,-0.5,1.1781835566085712,1.0871632039583445
1.0,3,6,13,-1.0,1.3810978455418155,1.183099893891715
1.0,3,6,13,-2.0,1.8722418031399823,1.4326701382297127
1.0,3,6,13,-4.0,3.2885291045020613,2.1810768628431876
1.0,3,6,13,-6.0,5.5066774632090025,3.3637758262184136
1.0,3,6,14,0.5,0.8440563052346255,0.9576148335661508
1.0,3,6,14,0.0,1.0,1.0
1.0,3,6,14,-0.5,1.1781835566085712,1.053934630234178
1.0,3,6,14,-1.0,1.3810978455418155,1.1312794980778973
1.0,3,6,14,-2.0,1.8722418031399823,1.289335354292551
1.0,3,6,14,-4.0,3.2885291045020613,1.712051537847895
1.0,3,6,14,-6.0,5.5066774632090025,2.356072442282193
1.0,3,6,15,0.5,0.8440563052346255,0.9535104184676774
1.0,3,6,15,0.0,1.0,1.0
1.0,3,6,15,-0.5,1.1781835566085712,1.134958700577545
1.0,3,6,15,-1.0,1.3810978455418155,1.3143218565618164
1.0,3,6,15,-2.0,1.8722418031399823,1.841904064853992
1.0,3,6,15,-4.0,3.2885291045020613,3.8756486491583555
1.0,3,6,15,-6.0,5.5066774632090025,7.993205192325563
1.0,3,6,16,0.5,0.8440563052346255,0.9395506554348537
1.0,3,6,16,0.0,1.0,1.0
1.0,3,6,16,-0.5,1.1781835566085712,1.1510787585117004
1.0,3,6,16,-1.0,1.3810978455418155,1.3348548795536321
1.0,3,6,16,-2.0,1.8722418031399823,1.8208876209096363
1.0,3,6,16,-4.0,3.2885291045020613,3.5845387615506015
1.0,3,6,16,-6.0,5.5066774632090025,7.17193406257873
1.0,3,6,17,0.5,0.8440563052346255,0.9726294597821462
1.0,3,6,17,0.0,1.0,1.0
1.0,3,6,17,-0.5,1.1781835566085712,1.092794717638712
1.0,3,6,17,-1.0,1.3810978455418155,1.2009837054962584
1.0,3,6,17,-2.0,1.8722418031399823,1.462593115298298
1.0,3,6,17,-4.0,3.2885291045020613,2.1723006651548085
1.0,3,6,17,-6.0,5.5066774632090025,3.2271249880443365
1.0,3,6,18,0.5,0.8440563052346255,0.9483809982468123
1.0,3,6,18,0.0,1.0,1.0
1.0,3,6,18,-0.5,1.1781835566085712,1.082035870437637
1.0,3,6,18,-1.0,1.3810978455418155,1.1759734900091143
1.0,3,6,18,-2.0,1.8722418031399823,1.3961921394716743
1.0,3,6,18,-4.0,3.2885291045020613,2.6092874628986946
1.0,3,6,18,-6.0,5.5066774632090025,5.160975073780309
1.0,3,6,19,0.5,0.8440563052346255,0.9542497430003823
1.0,3,6,19,0.0,1.0,1.0
1.0,3,6,19,-0.5,1.1781835566085712,1.1115502299326991
1.0,3,6,19,-1.0,1.3810978455418155,1.2384403150946668
1.0,3,6,19,-2.0,1.8722418031399823,1.6309211338404097
1.0,3,6,19,-4.0,3.2885291045020613,3.068276540256889
1.0,3,6,19,-6.0,5.5066774632090025,6.00764049229904
1.0,3,6,20,0.5,0.8440563052346255,0.9523723450372936
1.0,3,6,20,0.0,1.0,1.0
1.0,3,6,20,-0.5,1.1781835566085712,1.0885449265842588
1.0,3,6,20,-1.0,1.3810978455418155,1.2058420257537323
1.0,3,6,20,-2.0,1.8722418031399823,1.5585861870541948
1.0,3,6,20,-4.0,3.2885291045020613,2.6958555119635728
1.0,3,6,20,-6.0,5.5066774632090025,4.578777443940808
1.0,3,6,21,0.5,0.8440563052346255,0.9445549207564964
1.0,3,6,21,0.0,1.0,1.0
1.0,3,6,21,-0.5,1.1781835566085712,1.0834053584757406
1.0,3,6,21,-1.0,1.3810978455418155,1.193201067913666
1.0,3,6,21,-2.0,1.8722418031399823,1.5204762344910365
1.0,3,6,21,-4.0,3.2885291045020613,2.6841516711956737
1.0,3,6,21,-6.0,5.5066774632090025,4.698982465322858
1.0,3,6,22,0.5,0.8440563052346255,0.958484215443997
1.0,3,6,22,0.0,1.0,1.0
1.0,3,6,22,-0.5,1.1781835566085712,1.1056918905344637
1.0,3,6,22,-1.0,1.3810978455418155,1.2228087428040753
1.0,3,6,22,-2.0,1.8722418031399823,1.5545127929534057
1.0,3,6,22,-4.0,3.2885291045020613,2.660880927817352
1.0,3,6,22,-6.0,5.5066774632090025,4.581604518826766
1.0,3,6,23,0.5,0.8440563052346255,0.9695855614442092
1.0,3,6,23,0.0,1.0,1.0
1.0,3,6,23,-0.5,1.1781835566085712,1.1870113921548355
1.0,3,6,23,-1.0,1.3810978455418155,1.4149507223752944
1.0,3,6,23,-2.0,1.8722418031399823,2.022971623342088
1.0,3,6,23,-4.0,3.2885291045020613,4.186532113201442
1.0,3,6,23,-6.0,5.5066774632090025,8.609532403655976
1.0,3,6,24,0.5,0.8440563052346255,0.9634269360814346
1.0,3,6,24,0.0,1.0,1.0
1.0,3,6,24,-0.5,1.1781835566085712,1.0614829969993038
1.0,3,6,24,-1.0,1.3810978455418155,1.1292969606663146
1.0,3,6,24,-2.0,1.8722418031399823,1.285459904774138
1.0,3,6,24,-4.0,3.2885291045020613,1.6734777521613886
1.0,3,6,24,-6.0,5.5066774632090025,2.2368065881976165
1.0,3,6,25,0.5,0.8440563052346255,0.9710432017731634
1.0,3,6,25,0.0,1.0,1.0
1.0,3,6,25,-0.5,1.1781835566085712,1.0979262540868147
1.0,3,6,25,-1.0,1.3810978455418155,1.2301836829525163
1.0,3,6,25,-2.0,1.8722418031399823,1.5956453326636795
1.0,3,6,25,-4.0,3.2885291045020613,3.007596493637391
1.0,3,6,25,-6.0,5.5066774632090025,5.788629563550161
1.0,3,6,26,0.5,0.8440563052346255,0.951043492428588
1.0,3,6,26,0.0,1.0,1.0
1.0,3,6,26,-0.5,1.1781835566085712,1.1213521323027984
1.0,3,6,26,-1.0,1.3810978455418155,1.2811621988269355
1.0,3,6,26,-2.0,1.8722418031399823,1.7336707206398798
1.0,3,6,26,-4.0,3.2885291045020613,3.2618030724673885
1.0,3,6,26,-6.0,5.5066774632090025,6.061761671190952
1.0,3,6,27,0.5,0.8440563052346255,0.956110774289425
1.0,3,6,27,0.0,1.0,1.0
1.0,3,6,27,-0.5,1.1781835566085712,1.1022655929515197
1.0,3,6,27,-1.0,1.3810978455418155,1.2168246059363526
1.0,3,6,27,-2.0,1.8722418031399823,1.5230735597887193
1.0,3,6,27,-4.0,3.2885291045020613,2.3960622186295875
1.0,3,6,27,-6.0,5.5066774632090025,3.7805325044836064
1.0,3,6,28,0.5,0.8440563052346255,0.95002274701585
1.0,3,6,28,0.0,1.0,1.0
1.0,3,6,28,-0.5,1.1781835566085712,1.1253586121067098
1.0,3,6,28,-1.0,1.3810978455418155,1.2767277250902767
1.0,3,6,28,-2.0,1.8722418031399823,1.669322647187323
1.0,3,6,28,-4.0,3.2885291045020613,3.175026502779339
1.0,3,6,28,-6.0,5.5066774632090025,6.382164516744807
1.0,3,6,29,0.5,0.8440563052346255,0.9632125466816279
1.0,3,6,29,0.0,1.0,1.0
1.0,3,6,29,-0.5,1.1781835566085712,1.0982491904747957
1.0,3,6,29,-1.0,1.3810978455418155,1.2209231056857748
1.0,3,6,29,-2.0,1.8722418031399823,1.523801459509644
1.0,3,6,29,-4.0,3.2885291045020613,2.475674253686632
1.0,3,6,29,-6.0,5.5066774632090025,4.037062958776874
1.0,3,6,30,0.5,0.8440563052346255,0.959906546558314
1.0,3,6,30,0.0,1.0,1.0
1.0,3,6,30,-0.5,1.1781835566085712,1.126532910192735
1.0,3,6,30,-1.0,1.3810978455418155,1.280897601742015
1.0,3,6,30,-2.0,1.8722418031399823,1.8803467567245595
1.0,3,6,30,-4.0,3.2885291045020613,4.185792274387248
1.0,3,6,30,-6.0,5.5066774632090025,9.329235421065318
1.0,3,6,31,0.5,0.8440563052346255,0.9654808262312288
1.0,3,6,31,0.0,1.0,1.0
1.0,3,6,31,-0.5,1.1781835566085712,1.1130691856410395
1.0,3,6,31,-1.0,1.3810978455418155,1.2473535747120403
1.0,3,6,31,-2.0,1.8722418031399823,1.5788439826049772
1.0,3,6,31,-4.0,3.2885291045020613,2.592235877345921
1.0,3,6,31,-6.0,5.5066774632090025,4.226369165401199
1.0,3,6,32,0.5,0.8440563052346255,0.9512715592628539
1.0,3,6,32,0.0,1.0,1.0
1.0,3,6,32,-0.5,1.1781835566085712,1.1074427663924076
1.0,3,6,32,-1.0,1.3810978455418155,1.2518381534817749
1.0,3,6,32,-2.0,1.8722418031399823,1.6190671940451407
1.0,3,6,32,-4.0,3.2885291045020613,2.749477571288421
1.0,3,6,32,-6.0,5.5066774632090025,4.592971629985409
1.0,3,6,33,0.5,0.8440563052346255,0.9716949638430743
1.0,3,6,33,0.0,1.0,1.0
1.0,3,6,33,-0.5,1.1781835566085712,1.0640568363467235
1.0,3,6,33,-1.0,1.3810978455418155,1.1343958312477649
1.0,3,6,33,-2.0,1.8722418031399823,1.3105064961579307
1.0,3,6,33,-4.0,3.2885291045020613,1.8052215401373548
1.0,3,6,33,-6.0,5.5066774632090025,2.5495483870418103
1.0,3,6,34,0.5,0.8440563052346255,0.9514562551374918
1.0,3,6,34,0.0,1.0,1.0
1.0,3,6,34,-0.5,1.1781835566085712,1.0741481622028746
1.0,3,6,34,-1.0,1.3810978455418155,1.1525198496790605
1.0,3,6,34,-2.0,1.8722418031399823,1.3945582904892577
1.0,3,6,34,-4.0,3.2885291045020613,2.1274455376754275
1.0,3,6,34,-6.0,5.5066774632090025,3.3437380643995493
1.0,3,6,35,0.5,0.8440563052346255,0.9528396406338735
1.0,3,6,35,0.0,1.0,1.0
1.0,3,6,35,-0.5,1.1781835566085712,1.1290046454833282
1.0,3,6,35,-1.0,1.3810978455418155,1.3167928587236364
1.0,3,6,35,-2.0,1.8722418031399823,1.8648504160077355
1.0,3,6,35,-4.0,3.2885291045020613,3.8568372818073606
1.0,3,6,35,-6.0,5.5066774632090025,7.734673861110781
1.0,3,6,36,0.5,0.8440563052346255,0.9495130446642789
1.0,3,6,36,0.0,1.0,1.0
1.0,3,6,36,-0.5,1.1781835566085712,1.056442076453149
1.0,3,6,36,-1.0,1.3810978455418155,1.1235971808182155
1.0,3,6,36,-2.0,1.8722418031399823,1.2723023733181515
1.0,3,6,36,-4.0,3.2885291045020613,1.6273734988168358
1.0,3,6,36,-6.0,5.5066774632090025,2.119547157378011
1.0,3,6,37,0.5,0.8440563052346255,0.9635466195458834
1.0,3,6,37,0.0,1.0,1.0
1.0,3,6,37,-0.5,1.1781835566085712,1.1312606816797242
1.0,3,6,37,-1.0,1.3810978455418155,1.2792543280922932
1.0,3,6,37,-2.0,1.8722418031399823,1.664478737324533
1.0,3,6,37,-4.0,3.2885291045020613,2.802909749764605
1.0,3,6,37,-6.0,5.5066774632090025,4.700856887297166
1.0,3,6,38,0.5,0.8440563052346255,0.9445787764488635
1.0,3,6,38,0.0,1.0,1.0
1.0,3,6,38,-0.5,1.1781835566085712,1.211489062589446
1.0,3,6,38,-1.0,1.3810978455418155,1.488003873392067
1.0,3,6,38,-2.0,1.8722418031399823,2.2816097478438855
1.0,3,6,38,-4.0,3.2885291045020613,5.424929168343158
1.0,3,6,38,-6.0,5.5066774632090025,12.596595660961038
1.0,3,6,39,0.5,0.8440563052346255,0.9554803740645972
1.0,3,6,39,0.0,1.0,1.0
1.0,3,6,39,-0.5,1.1781835566085712,1.1894102693478605
1.0,3,6,39,-1.0,1.3810978455418155,1.4508177360421506
1.0,3,6,39,-2.0,1.8722418031399823,2.192480340477422
1.0,3,6,39,-4.0,3.2885291045020613,5.048159834822158
1.0,3,6,39,-6.0,5.5066774632090025,11.540363491541127
1.0,3,6,40,0.5,0.8440563052346255,0.9605530472019647
1.0,3,6,40,0.0,1.0,1.0
1.0,3,6,40,-0.5,1.1781835566085712,1.0872831233833105
1.0,3,6,40,-1.0,1.3810978455418155,1.1867252027418866
1.0,3,6,40,-2.0,1.8722418031399823,1.4187805083026201
1.0,3,6,40,-4.0,3.2885291045020613,2.0359351745729635
1.0,3,6,40,-6.0,5.5066774632090025,2.9305164686789884
1.0,3,6,41,0.5,0.8440563052346255,0.9705348344649269
1.0,3,6,41,0.0,1.0,1.0
1.0,3,6,41,-0.5,1.1781835566085712,1.0614573188564573
1.0,3,6,41,-1.0,1.3810978455418155,1.1421259338994976
1.0,3,6,41,-2.0,1.8722418031399823,1.3673747123556235
1.0,3,6,41,-4.0,3.2885291045020613,2.375677756920064
1.0,3,6,41,-6.0,5.5066774632090025,4.3422170599313965
1.0,3,6,42,0.5,0.8440563052346255,0.9664484248567999
1.0,3,6,42,0.0,1.0,1.0
1.0,3,6,42,-0.5,1.1781835566085712,1.1238783055573178
1.0,3,6,42,-1.0,1.3810978455418155,1.2553713351342517
1.0,3,6,42,-2.0,1.8722418031399823,1.6107536988414313
1.0,3,6,42,-4.0,3.2885291045020613,2.6147770536715758
1.0,3,6,42,-6.0,5.5066774632090025,4.217335123387754
1.0,3,6,43,0.5,0.8440563052346255,0.9504373864387066
1.0,3,6,43,0.0,1.0,1.0
1.0,3,6,43,-0.5,1.1781835566085712,1.126776272828013
1.0,3,6,43,-1.0,1.3810978455418155,1.2837974541971646
1.0,3,6,43,-2.0,1.8722418031399823,1.6676221879533026
1.0,3,6,43,-4.0,3.2885291045020613,2.9170660075498693
1.0,3,6,43,-6.0,5.5066774632090025,5.879773576753519
1.0,3,6,44,0.5,0.8440563052346255,0.9527985244275957
1.0,3,6,44,0.0,1.0,1.0
1.0,3,6,44,-0.5,1.1781835566085712,1.1105169221428544
1.0,3,6,44,-1.0,1.3810978455418155,1.2522794540367248
1.0,3,6,44,-2.0,1.8722418031399823,1.6439930891537406
1.0,3,6,44,-4.0,3.2885291045020613,2.937517804958143
1.0,3,6,44,-6.0,5.5066774632090025,5.204448337447338
1.0,3,6,45,0.5,0.8440563052346255,0.9628334345924566
1.0,3,6,45,0.0,1.0,1.0
1.0,3,6,45,-0.5,1.1781835566085712,1.054438611013761
1.0,3,6,45,-1.0,1.3810978455418155,1.126182586179587
1.0,3,6,45,-2.0,1.8722418031399823,1.287510056400673
1.0,3,6,45,-4.0,3.2885291045020613,1.7894188140501872
1.0,3,6,45,-6.0,5.5066774632090025,2.5682924820957513
1.0,3,6,46,0.5,0.8440563052346255,0.955609759483494
1.0,3,6,46,0.0,1.0,1.0
1.0,3,6,46,-0.5,1.1781835566085712,1.0968676530117043
1.0,3,6,46,-1.0,1.3810978455418155,1.2068354771288565
1.0,3,6,46,-2.0,1.8722418031399823,1.5220470141587763
1.0,3,6,46,-4.0,3.2885291045020613,2.6866932117555966
1.0,3,6,46,-6.0,5.5066774632090025,4.85054464723484
1.0,3,6,47,0.5,0.8440563052346255,0.9336169372720607
1.0,3,6,47,0.0,1.0,1.0
1.0,3,6,47,-0.5,1.1781835566085712,1.1245549981457685
1.0,3,6,47,-1.0,1.3810978455418155,1.2683457610978457
1.0,3,6,47,-2.0,1.8722418031399823,1.6358953404417818
1.0,3,6,47,-4.0,3.2885291045020613,2.8484479886145677
1.0,3,6,47,-6.0,5.5066774632090025,4.955788929557548
1.0,3,6,48,0.5,0.8440563052346255,0.9690855680187577
1.0,3,6,48,0.0,1.0,1.0
1.0,3,6,48,-0.5,1.1781835566085712,1.0552199833436136
1.0,3,6,48,-1.0,1.3810978455418155,1.1224863381593626
1.0,3,6,48,-2.0,1.8722418031399823,1.3874306853954423
1.0,3,6,48,-4.0,3.2885291045020613,2.2937796124572962
1.0,3,6,48,-6.0,5.5066774632090025,3.847076288780137
1.0,3,6,49,0.5,0.8440563052346255,0.9494872971028119
1.0,3,6,49,0.0,1.0,1.0
1.0,3,6,49,-0.5,1.1781835566085712,1.1228334487391247
1.0,3,6,49,-1.0,1.3810978455418155,1.2786324796451662
1.0,3,6,49,-2.0,1.8722418031399823,1.6371448183126536
1.0,3,6,49,-4.0,3.2885291045020613,2.6925215074973137
1.0,3,6,49,-6.0,5.5066774632090025,4.394620428211859
1.2,3,6,0,0.5,0.7818921886213052,0.9382294354128885
1.2,3,6,0,0.0,1.0,1.0
1.2,3,6,0,-0.5,1.264263672078163,1.2470310994642297
1.2,3,6,0,-1.0,1.582273321863023,1.5779340272862465
1.2,3,6,0,-2.0,2.415084767504488,2.578015661041777
1.2,3,6,0,-4.0,5.1874412875774265,6.940138644364401
1.2,3,6,0,-6.0,10.282816224407696,17.805686817029038
1.2,3,6,1,0.5,0.7818921886213052,0.9495663881075695
1.2,3,6,1,0.0,1.0,1.0
1.2,3,6,1,-0.5,1.264263672078163,1.1027111999194963
1.2,3,6,1,-1.0,1.582273321863023,1.2089463042459037
1.2,3,6,1,-2.0,2.415084767504488,1.51106309418205
1.2,3,6,1,-4.0,5.1874412875774265,2.3706238399671262
1.2,3,6,1,-6.0,10.282816224407696,3.9150384973743737
1.2,3,6,2,0.5,0.7818921886213052,0.9636140705598303
1.2,3,6,2,0.0,1.0,1.0
1.2,3,6,2,-0.5,1.264263672078163,1.1774730075378286
1.2,3,6,2,-1.0,1.582273321863023,1.4095739840596597
1.2,3,6,2,-2.0,2.415084767504488,2.0708217707536174
1.2,3,6,2,-4.0,5.1874412875774265,4.48569156166577
1.2,3,6,2,-6.0,10.282816224407696,9.764530851410932
1.2,3,6,3,0.5,0.7818921886213052,0.9405224796267665
1.2,3,6,3,0.0,1.0,1.0
1.2,3,6,3,-0.5,1.264263672078163,1.1177761316418184
1.2,3,6,3,-1.0,1.582273321863023,1.2474052930689465
1.2,3,6,3,-2.0,2.415084767504488,1.578669067693655
1.2,3,6,3,-4.0,5.1874412875774265,2.564311029556477
1.2,3,6,3,-6.0,10.282816224407696,4.2999407082268934
1.2,3,6,4,0.5,0.7818921886213052,0.9506133315169252
1.2,3,6,4,0.0,1.0,1.0
1.2,3,6,4,-0.5,1.264263672078163,1.1912120742795498
1.2,3,6,4,-1.0,1.582273321863023,1.4523523997197965
1.2,3,6,4,-2.0,2.415084767504488,2.2401957743495897
1.2,3,6,4,-4.0,5.1874412875774265,5.5522657541224065
1.2,3,6,4,-6.0,10.282816224407696,13.310847124783866
1.2,3,6,5,0.5,0.7818921886213052,0.9508591149829463
1.2,3,6,5,0.0,1.0,1.0
1.2,3,6,5,-0.5,1.264263672078163,1.159991663843654
1.2,3,6,5,-1.0,1.582273321863023,1.3682352531866826
1.2,3,6,5,-2.0,2.415084767504488,1.9187036259504708
1.2,3,6,5,-4.0,5.1874412875774265,3.702141360447502
1.2,3,6,5,-6.0,10.282816224407696,7.199010212415431
1.2,3,6,6,0.5,0.7818921886213052,0.9639449535194515
1.2,3,6,6,0.0,1.0,1.0
1.2,3,6,6,-0.5,1.264263672078163,1.3427851963795694
1.2,3,6,6,-1.0,1.582273321863023,1.8680548476109713
1.2,3,6,6,-2.0,2.415084767504488,3.6836805019172565
1.2,3,6,6,-4.0,5.1874412875774265,13.92304756333591
1.2,3,6,6,-6.0,10.282816224407696,47.93872932007229
1.2,3,6,7,0.5,0.7818921886213052,0.9495348892950201
1.2,3,6,7,0.0,1.0,1.0
1.2,3,6,7,-0.5,1.264263672078163,1.1632292883997915
1.2,3,6,7,-1.0,1.582273321863023,1.3739082199453132
1.2,3,6,7,-2.0,2.415084767504488,1.920637110568858
1.2,3,6,7,-4.0,5.1874412875774265,3.8469614632954734
1.2,3,6,7,-6.0,10.282816224407696,7.307626973588397
1.2,3,6,8,0.5,0.7818921886213052,0.9521659206761984
1.2,3,6,8,0.0,1.0,1.0
1.2,3,6,8,-0.5,1.264263672078163,1.1613325814272817
1.2,3,6,8,-1.0,1.582273321863023,1.3775114505374169
1.2,3,6,8,-2.0,2.415084767504488,1.9572790577938446
1.2,3,6,8,-4.0,5.1874412875774265,3.9743986007636534
1.2,3,6,8,-6.0,10.282816224407696,7.8953111048182505
1.2,3,6,9,0.5,0.7818921886213052,0.9577305608394107
1.2,3,6,9,0.0,1.0,1.0
1.2,3,6,9,-0.5,1.264263672078163,1.1768628771711105
1.2,3,6,9,-1.0,1.582273321863023,1.4174859641448898
1.2,3,6,9,-2.0,2.415084767504488,2.0899486436042096
1.2,3,6,9,-4.0,5.1874412875774265,4.666422899161332
1.2,3,6,9,-6.0,10.282816224407696,10.256856165797238
1.2,3,6,10,0.5,0.7818921886213052,0.9614945719739838
1.2,3,6,10,0.0,1.0,1.0
1.2,3,6,10,-0.5,1.264263672078163,1.2263079373882637
1.2,3,6,10,-1.0,1.582273321863023,1.5377673038551136
1.2,3,6,10,-2.0,2.415084767504488,2.4725147659155016
1.2,3,6,10,-4.0,5.1874412875774265,6.458325672165397
1.2,3,6,10,-6.0,10.282816224407696,15.727275046408769
1.2,3,6,11,0.5,0.7818921886213052,0.951521417823364
1.2,3,6,11,0.0,1.0,1.0
1.2,3,6,11,-0.5,1.264263672078163,1.181174778251595
1.2,3,6,11,-1.0,1.582273321863023,1.4784083400358772
1.2,3,6,11,-2.0,2.415084767504488,2.7310187807936157
1.2,3,6,11,-4.0,5.1874412875774265,10.519967685606675
1.2,3,6,11,-6.0,10.282816224407696,39.58792325690603
1.2,3,6,12,0.5,0.7818921886213052,0.9509448284634598
1.2,3,6,12,0.0,1.0,1.0
1.2,3,6,12,-0.5,1.264263672078163,1.104031970969181
1.2,3,6,12,-1.0,1.582273321863023,1.2352125452655616
1.2,3,6,12,-2.0,2.415084767504488,1.599097484742191
1.2,3,6,12,-4.0,5.1874412875774265,2.779389979336432
1.2,3,6,12,-6.0,10.282816224407696,5.145666187673621
1.2,3,6,13,0.5,0.7818921886213052,0.9599394004446908
1.2,3,6,13,0.0,1.0,1.0
1.2,3,6,13,-0.5,1.264263672078163,1.1298307413185118
1.2,3,6,13,-1.0,1.582273321863023,1.2726962230897383
1.2,3,6,13,-2.0,2.415084767504488,1.721067005421111
1.2,3,6,13,-4.0,5.1874412875774265,3.2039133583208748
1.2,3,6,13,-6.0,10.282816224407696,5.94600700121898
1.2,3,6,14,0.5,0.7818921886213052,0.9392423226505671
1.2,3,6,14,0.0,1.0,1.0
1.2,3,6,14,-0.5,1.264263672078163,1.093691234709561
1.2,3,6,14,-1.0,1.582273321863023,1.1978402686404435
1.2,3,6,14,-2.0,2.415084767504488,1.4536601551755606
1.2,3,6,14,-4.0,5.1874412875774265,2.2257193374306024
1.2,3,6,14,-6.0,10.282816224407696,3.688803706080012
1.2,3,6,15,0.5,0.7818921886213052,0.939201497982871
1.2,3,6,15,0.0,1.0,1.0
1.2,3,6,15,-0.5,1.264263672078163,1.202642128381572
1.2,3,6,15,-1.0,1.582273321863023,1.5191136850390266
1.2,3,6,15,-2.0,2.415084767504488,2.554202413325185
1.2,3,6,15,-4.0,5.1874412875774265,7.369021081232909
1.2,3,6,15,-6.0,10.282816224407696,19.8224575226731
1.2,3,6,16,0.5,0.7818921886213052,0.9177979819766138
1.2,3,6,16,0.0,1.0,1.0
1.2,3,6,16,-0.5,1.264263672078163,1.2272003250212316
1.2,3,6,16,-1.0,1.582273321863023,1.5286755306381175
1.2,3,6,16,-2.0,2.415084767504488,2.4452522796837655
1.2,3,6,16,-4.0,5.1874412875774265,6.625496523415227
1.2,3,6,16,-6.0,10.282816224407696,17.632287532036713
1.2,3,6,17,0.5,0.7818921886213052,0.9622669504936917
1.2,3,6,17,0.0,1.0,1.0
1.2,3,6,17,-0.5,1.264263672078163,1.135907583391449
1.2,3,6,17,-1.0,1.582273321863023,1.3040771358017222
1.2,3,6,17,-2.0,2.415084767504488,1.736807689960085
1.2,3,6,17,-4.0,5.1874412875774265,3.075542530289467
1.2,3,6,17,-6.0,10.282816224407696,5.3780847632040985
1.2,3,6,18,0.5,0.7818921886213052,0.9491864284502023
1.2,3,6,18,0.0,1.0,1.0
1.2,3,6,18,-0.5,1.264263672078163,1.1227352189351407
1.2,3,6,18,-1.0,1.582273321863023,1.2695094080823461
1.2,3,6,18,-2.0,2.415084767504488,1.8057014090242387
1.2,3,6,18,-4.0,5.1874412875774265,4.754348308936562
1.2,3,6,18,-6.0,10.282816224407696,12.714161438854777
1.2,3,6,19,0.5,0.7818921886213052,0.938980659017874
1.2,3,6,19,0.0,1.0,1.0
1.2,3,6,19,-0.5,1.264263672078163,1.1697860041726318
1.2,3,6,19,-1.0,1.582273321863023,1.3940577755430614
1.2,3,6,19,-2.0,2.415084767504488,2.151032305963967
1.2,3,6,19,-4.0,5.1874412875774265,5.550441360304588
1.2,3,6,19,-6.0,10.282816224407696,14.310538069182643
1.2,3,6,20,0.5,0.7818921886213052,0.9478457024269376
1.2,3,6,20,0.0,1.0,1.0
1.2,3,6,20,-0.5,1.264263672078163,1.135165514058031
1.2,3,6,20,-1.0,1.582273321863023,1.3429834814708683
1.2,3,6,20,-2.0,2.415084767504488,1.9891639702326704
1.2,3,6,20,-4.0,5.1874412875774265,4.315083764988587
1.2,3,6,20,-6.0,10.282816224407696,8.568152905217834
1.2,3,6,21,0.5,0.7818921886213052,0.9274330831079012
1.2,3,6,21,0.0,1.0,1.0
1.2,3,6,21,-0.5,1.264263672078163,1.1261752863204082
1.2,3,6,21,-1.0,1.582273321863023,1.326813100045009
1.2,3,6,21,-2.0,2.415084767504488,1.9598653576126592
1.2,3,6,21,-4.0,5.1874412875774265,4.405257214648801
1.2,3,6,21,-6.0,10.282816224407696,9.683666159128132
1.2,3,6,22,0.5,0.7818921886213052,0.9444964585537445
1.2,3,6,22,0.0,1.0,1.0
1.2,3,6,22,-0.5,1.264263672078163,1.1563725463087438
1.2,3,6,22,-1.0,1.582273321863023,1.3571267640202496
1.2,3,6,22,-2.0,2.415084767504488,1.9504304919514632
1.2,3,6,22,-4.0,5.1874412875774265,4.289662364509466
1.2,3,6,22,-6.0,10.282816224407696,9.068418765476823
1.2,3,6,23,0.5,0.7818921886213052,0.9600355851997142
1.2,3,6,23,0.0,1.0,1.0
1.2,3,6,23,-0.5,1.264263672078163,1.2812417958813296
1.2,3,6,23,-1.0,1.582273321863023,1.6538777096277495
1.2,3,6,23,-2.0,2.415084767504488,2.785415730094094
1.2,3,6,23,-4.0,5.1874412875774265,7.889659114173166
1.2,3,6,23,-6.0,10.282816224407696,21.684991827749112
1.2,3,6,24,0.5,0.7818921886213052,0.9472690957779069
1.2,3,6,24,0.0,1.0,1.0
1.2,3,6,24,-0.5,1.264263672078163,1.0917710565932424
1.2,3,6,24,-1.0,1.582273321863023,1.196453572699552
1.2,3,6,24,-2.0,2.415084767504488,1.4241894068268754
1.2,3,6,24,-4.0,5.1874412875774265,2.150659663329297
1.2,3,6,24,-6.0,10.282816224407696,3.496976335737881
1.2,3,6,25,0.5,0.7818921886213052,0.9598588529500687
1.2,3,6,25,0.0,1.0,1.0
1.2,3,6,25,-0.5,1.264263672078163,1.1499092469733745
1.2,3,6,25,-1.0,1.582273321863023,1.3736538081560365
1.2,3,6,25,-2.0,2.415084767504488,2.1059078152099917
1.2,3,6,25,-4.0,5.1874412875774265,5.3464326079165225
1.2,3,6,25,-6.0,10.282816224407696,13.498719324780646
1.2,3,6,26,0.5,0.7818921886213052,0.9311306419534486
1.2,3,6,26,0.0,1.0,1.0
1.2,3,6,26,-0.5,1.264263672078163,1.187331724828554
1.2,3,6,26,-1.0,1.582273321863023,1.4548284711362447
1.2,3,6,26,-2.0,2.415084767504488,2.2813264729089378
1.2,3,6,26,-4.0,5.1874412875774265,5.644308675635809
1.2,3,6,26,-6.0,10.282816224407696,13.11647125061993
1.2,3,6,27,0.5,0.7818921886213052,0.9496497810887284
1.2,3,6,27,0.0,1.0,1.0
1.2,3,6,27,-0.5,1.264263672078163,1.1550920487161878
1.2,3,6,27,-1.0,1.582273321863023,1.3435062827305015
1.2,3,6,27,-2.0,2.415084767504488,1.8539286155509642
1.2,3,6,27,-4.0,5.1874412875774265,3.587423638090252
1.2,3,6,27,-6.0,10.282816224407696,7.020410770258409
1.2,3,6,28,0.5,0.7818921886213052,0.9302856772424268
1.2,3,6,28,0.0,1.0,1.0
1.2,3,6,28,-0.5,1.264263672078163,1.1872795246467513
1.2,3,6,28,-1.0,1.582273321863023,1.431603122480043
1.2,3,6,28,-2.0,2.415084767504488,2.1653626140599447
1.2,3,6,28,-4.0,5.1874412875774265,5.873018960891867
1.2,3,6,28,-6.0,10.282816224407696,15.935388603260906
1.2,3,6,29,0.5,0.7818921886213052,0.9559970938141394
1.2,3,6,29,0.0,1.0,1.0
1.2,3,6,29,-0.5,1.264263672078163,1.152097795932673
1.2,3,6,29,-1.0,1.582273321863023,1.341131045614742
1.2,3,6,29,-2.0,2.415084767504488,1.8879913030601077
1.2,3,6,29,-4.0,5.1874412875774265,3.8093310401651785
1.2,3,6,29,-6.0,10.282816224407696,7.562549668057185
1.2,3,6,30,0.5,0.7818921886213052,0.9461960591810107
1.2,3,6,30,0.0,1.0,1.0
1.2,3,6,30,-0.5,1.264263672078163,1.1932030280472414
1.2,3,6,30,-1.0,1.582273321863023,1.5094337758145357
1.2,3,6,30,-2.0,2.415084767504488,2.67347549167163
1.2,3,6,30,-4.0,5.1874412875774265,8.468013472464104
1.2,3,6,30,-6.0,10.282816224407696,25.88500417928684
1.2,3,6,31,0.5,0.7818921886213052,0.9542890616150647
1.2,3,6,31,0.0,1.0,1.0
1.2,3,6,31,-0.5,1.264263672078163,1.1717324028607206
1.2,3,6,31,-1.0,1.582273321863023,1.3877186975348
1.2,3,6,31,-2.0,2.415084767504488,1.9673859338225055
1.2,3,6,31,-4.0,5.1874412875774265,3.9917359674619752
1.2,3,6,31,-6.0,10.282816224407696,7.9011313618717
1.2,3,6,32,0.5,0.7818921886213052,0.9357172780657691
1.2,3,6,32,0.0,1.0,1.0
1.2,3,6,32,-0.5,1.264263672078163,1.1708589214249856
1.2,3,6,32,-1.0,1.582273321863023,1.4014229063706052
1.2,3,6,32,-2.0,2.415084767504488,2.0447043400055414
1.2,3,6,32,-4.0,5.1874412875774265,4.3111010613278244
1.2,3,6,32,-6.0,10.282816224407696,8.732442186223963
1.2,3,6,33,0.5,0.7818921886213052,0.972090783897035
1.2,3,6,33,0.0,1.0,1.0
1.2,3,6,33,-0.5,1.264263672078163,1.0942912139242826
1.2,3,6,33,-1.0,1.582273321863023,1.2061112193048575
1.2,3,6,33,-2.0,2.415084767504488,1.4991863476153042
1.2,3,6,33,-4.0,5.1874412875774265,2.4472768031602166
1.2,3,6,33,-6.0,10.282816224407696,4.048826663495783
1.2,3,6,34,0.5,0.7818921886213052,0.9327614315027685
1.2,3,6,34,0.0,1.0,1.0
1.2,3,6,34,-0.5,1.264263672078163,1.1088352000207133
1.2,3,6,34,-1.0,1.582273321863023,1.2505251145937941
1.2,3,6,34,-2.0,2.415084767504488,1.6717570651739841
1.2,3,6,34,-4.0,5.1874412875774265,3.1687514683540305
1.2,3,6,34,-6.0,10.282816224407696,6.0764762546705375
1.2,3,6,35,0.5,0.7818921886213052,0.9414956371114819
1.2,3,6,35,0.0,1.0,1.0
1.2,3,6,35,-0.5,1.264263672078163,1.2008136578720652
1.2,3,6,35,-1.0,1.582273321863023,1.5274280836173735
1.2,3,6,35,-2.0,2.415084767504488,2.560775299994697
1.2,3,6,35,-4.0,5.1874412875774265,7.142827365859656
1.2,3,6,35,-6.0,10.282816224407696,17.436828052207368
1.2,3,6,36,0.5,0.7818921886213052,0.9677763756965798
1.2,3,6,36,0.0,1.0,1.0
1.2,3,6,36,-0.5,1.264263672078163,1.0883208789942118
1.2,3,6,36,-1.0,1.582273321863023,1.1869704948662867
1.2,3,6,36,-2.0,2.415084767504488,1.420878153078085
1.2,3,6,36,-4.0,5.1874412875774265,2.0475741943824475
1.2,3,6,36,-6.0,10.282816224407696,2.9672996941679237
1.2,3,6,37,0.5,0.7818921886213052,0.9523499080738648
1.2,3,6,37,0.0,1.0,1.0
1.2,3,6,37,-0.5,1.264263672078163,1.19841454078567
1.2,3,6,37,-1.0,1.582273321863023,1.4393675968496968
1.2,3,6,37,-2.0,2.415084767504488,2.094975473290298
1.2,3,6,37,-4.0,5.1874412875774265,4.411777600013045
1.2,3,6,37,-6.0,10.282816224407696,9.07364739647564
1.2,3,6,38,0.5,0.7818921886213052,0.9261245172157547
1.2,3,6,38,0.0,1.0,1.0
1.2,3,6,38,-0.5,1.264263672078163,1.3272543249060085
1.2,3,6,38,-1.0,1.582273321863023,1.7924817540113334
1.2,3,6,38,-2.0,2.415084767504488,3.3514437349282837
1.2,3,6,38,-4.0,5.1874412875774265,11.373994893535446
1.2,3,6,38,-6.0,10.282816224407696,35.656126034223824
1.2,3,6,39,0.5,0.7818921886213052,0.9414171863028106
1.2,3,6,39,0.0,1.0,1.0
1.2,3,6,39,-0.5,1.264263672078163,1.2989888341313631
1.2,3,6,39,-1.0,1.582273321863023,1.731900490516486
1.2,3,6,39,-2.0,2.415084767504488,3.1669609966683288
1.2,3,6,39,-4.0,5.1874412875774265,10.513199336019309
1.2,3,6,39,-6.0,10.282816224407696,33.1703544291057
1.2,3,6,40,0.5,0.7818921886213052,0.9338460703461725
1.2,3,6,40,0.0,1.0,1.0
1.2,3,6,40,-0.5,1.264263672078163,1.130584533930563
1.2,3,6,40,-1.0,1.582273321863023,1.279075567800898
1.2,3,6,40,-2.0,2.415084767504488,1.661228643086825
1.2,3,6,40,-4.0,5.1874412875774265,2.796488785809936
1.2,3,6,40,-6.0,10.282816224407696,4.712405476736697
1.2,3,6,41,0.5,0.7818921886213052,0.9461358865735637
1.2,3,6,41,0.0,1.0,1.0
1.2,3,6,41,-0.5,1.264263672078163,1.0973176869647652
1.2,3,6,41,-1.0,1.582273321863023,1.2228589901510118
1.2,3,6,41,-2.0,2.415084767504488,1.7201939687335692
1.2,3,6,41,-4.0,5.1874412875774265,4.030259865269041
1.2,3,6,41,-6.0,10.282816224407696,9.778840884420067
1.2,3,6,42,0.5,0.7818921886213052,0.9584224723621887
1.2,3,6,42,0.0,1.0,1.0
1.2,3,6,42,-0.5,1.264263672078163,1.1777846558321419
1.2,3,6,42,-1.0,1.582273321863023,1.406350492828702
1.2,3,6,42,-2.0,2.415084767504488,1.9923899926017834
1.2,3,6,42,-4.0,5.1874412875774265,3.988999940877168
1.2,3,6,42,-6.0,10.282816224407696,7.805305794557496
1.2,3,6,43,0.5,0.7818921886213052,0.934760862049721
1.2,3,6,43,0.0,1.0,1.0
1.2,3,6,43,-0.5,1.264263672078163,1.1949973887082277
1.2,3,6,43,-1.0,1.582273321863023,1.4371247828646705
1.2,3,6,43,-2.0,2.415084767504488,2.114721326279231
1.2,3,6,43,-4.0,5.1874412875774265,5.414407330051844
1.2,3,6,43,-6.0,10.282816224407696,15.04925076572127
1.2,3,6,44,0.5,0.7818921886213052,0.9531362048165729
1.2,3,6,44,0.0,1.0,1.0
1.2,3,6,44,-0.5,1.264263672078163,1.1698589425611077
1.2,3,6,44,-1.0,1.582273321863023,1.403607214284364
1.2,3,6,44,-2.0,2.415084767504488,2.1110424674424615
1.2,3,6,44,-4.0,5.1874412875774265,4.8601917669430055
1.2,3,6,44,-6.0,10.282816224407696,10.975274992829728
1.2,3,6,45,0.5,0.7818921886213052,0.9422915729102206
1.2,3,6,45,0.0,1.0,1.0
1.2,3,6,45,-0.5,1.264263672078163,1.0857744990742433
1.2,3,6,45,-1.0,1.582273321863023,1.1902222460650793
1.2,3,6,45,-2.0,2.415084767504488,1.4729874687114104
1.2,3,6,45,-4.0,5.1874412875774265,2.4653590075311245
1.2,3,6,45,-6.0,10.282816224407696,4.1740660615798175
1.2,3,6,46,0.5,0.7818921886213052,0.938129790028077
1.2,3,6,46,0.0,1.0,1.0
1.2,3,6,46,-0.5,1.264263672078163,1.1409111753277872
1.2,3,6,46,-1.0,1.582273321863023,1.3270640205047002
1.2,3,6,46,-2.0,2.415084767504488,1.947327230195961
1.2,3,6,46,-4.0,5.1874412875774265,4.515067514661526
1.2,3,6,46,-6.0,10.282816224407696,10.389155048827451
1.2,3,6,47,0.5,0.7818921886213052,0.9194656794581384
1.2,3,6,47,0.0,1.0,1.0
1.2,3,6,47,-0.5,1.264263672078163,1.1842491664463755
1.2,3,6,47,-1.0,1.582273321863023,1.4201849570104104
1.2,3,6,47,-2.0,2.415084767504488,2.0811465917606693
1.2,3,6,47,-4.0,5.1874412875774265,4.701933280465535
1.2,3,6,47,-6.0,10.282816224407696,9.98356652128374
1.2,3,6,48,0.5,0.7818921886213052,0.9477556842329146
1.2,3,6,48,0.0,1.0,1.0
1.2,3,6,48,-0.5,1.264263672078163,1.085213537326851
1.2,3,6,48,-1.0,1.582273321863023,1.2236325031788113
1.2,3,6,48,-2.0,2.415084767504488,1.7205561771606264
1.2,3,6,48,-4.0,5.1874412875774265,3.5896883046941395
1.2,3,6,48,-6.0,10.282816224407696,7.51093493145383
1.2,3,6,49,0.5,0.7818921886213052,0.9329342790041776
1.2,3,6,49,0.0,1.0,1.0
1.2,3,6,49,-0.5,1.264263672078163,1.1930268763482252
1.2,3,6,49,-1.0,1.582273321863023,1.4121095136962623
1.2,3,6,49,-2.0,2.415084767504488,2.0322946946250955
1.2,3,6,49,-4.0,5.1874412875774265,4.142045916567948
1.2,3,6,49,-6.0,10.282816224407696,8.241763474863873
1.5,3,6,0,0.5,0.6769483974617138,0.9181245697543452
1.5,3,6,0,0.0,1.0,1.0
1.5,3,6,0,-0.5,1.4360039925734578,1.4221848579241656
1.5,3,6,0,-1.0,2.015035999061725,2.0732923997121495
1.5,3,6,0,-2.0,3.7558748925962315,4.50113684755562
1.5,3,6,0,-4.0,11.150868673469775,19.910298819639724
1.5,3,6,0,-6.0,28.737348374899014,40.0126700017338
1.5,3,6,1,0.5,0.6769483974617138,0.927046380905974
1.5,3,6,1,0.0,1.0,1.0
1.5,3,6,1,-0.5,1.4360039925734578,1.1678598755217469
1.5,3,6,1,-1.0,2.015035999061725,1.3769784617547283
1.5,3,6,1,-2.0,3.7558748925962315,1.9479099308106966
1.5,3,6,1,-4.0,11.150868673469775,4.186238798876917
1.5,3,6,1,-6.0,28.737348374899014,9.452867450362943
1.5,3,6,2,0.5,0.6769483974617138,0.9479284800400024
1.5,3,6,2,0.0,1.0,1.0
1.5,3,6,2,-0.5,1.4360039925734578,1.3042777294045316
1.5,3,6,2,-1.0,2.015035999061725,1.7448776591939963
1.5,3,6,2,-2.0,3.7558748925962315,3.2116703479998305
1.5,3,6,2,-4.0,11.150868673469775,10.749317458800888
1.5,3,6,2,-6.0,28.737348374899014,32.94085269369868
1.5,3,6,3,0.5,0.6769483974617138,0.9139361446724849
1.5,3,6,3,0.0,1.0,1.0
1.5,3,6,3,-0.5,1.4360039925734578,1.1812272414184142
1.5,3,6,3,-1.0,2.015035999061725,1.404511501465965
1.5,3,6,3,-2.0,3.7558748925962315,2.0676075451043263
1.5,3,6,3,-4.0,11.150868673469775,4.5627404217746745
1.5,3,6,3,-6.0,28.737348374899014,9.553101101105124
1.5,3,6,4,0.5,0.6769483974617138,0.9333944952922795
1.5,3,6,4,0.0,1.0,1.0
1.5,3,6,4,-0.5,1.4360039925734578,1.3318373125138896
1.5,3,6,4,-1.0,2.015035999061725,1.8380502743231835
1.5,3,6,4,-2.0,3.7558748925962315,3.7360793988953684
1.5,3,6,4,-4.0,11.150868673469775,15.078991826979903
1.5,3,6,4,-6.0,28.737348374899014,54.58903459748102
1.5,3,6,5,0.5,0.6769483974617138,0.9290286369816951
1.5,3,6,5,0.0,1.0,1.0
1.5,3,6,5,-0.5,1.4360039925734578,1.2678002589817126
1.5,3,6,5,-1.0,2.015035999061725,1.6500833309840124
1.5,3,6,5,-2.0,3.7558748925962315,2.822915511489613
1.5,3,6,5,-4.0,11.150868673469775,7.77378776943056
1.5,3,6,5,-6.0,28.737348374899014,18.60378236008075
1.5,3,6,6,0.5,0.6769483974617138,0.951139571153839
1.5,3,6,6,0.0,1.0,1.0
1.5,3,6,6,-0.5,1.4360039925734578,1.6125160158190561
1.5,3,6,6,-1.0,2.015035999061725,2.750906592775114
1.5,3,6,6,-2.0,3.7558748925962315,7.844565858364491
1.5,3,6,6,-4.0,11.150868673469775,55.1324043146498
1.5,3,6,6,-6.0,28.737348374899014,115.99721752824472
1.5,3,6,7,0.5,0.6769483974617138,0.9288111439305237
1.5,3,6,7,0.0,1.0,1.0
1.5,3,6,7,-0.5,1.4360039925734578,1.2769114557517285
1.5,3,6,7,-1.0,2.015035999061725,1.6688943577267106
1.5,3,6,7,-2.0,3.7558748925962315,2.8332596685679214
1.5,3,6,7,-4.0,11.150868673469775,7.887316612303806
1.5,3,6,7,-6.0,28.737348374899014,18.532670317253093
1.5,3,6,8,0.5,0.6769483974617138,0.9349866399846882
1.5,3,6,8,0.0,1.0,1.0
1.5,3,6,8,-0.5,1.4360039925734578,1.2783738658859745
1.5,3,6,8,-1.0,2.015035999061725,1.6775783911799962
1.5,3,6,8,-2.0,3.7558748925962315,2.924107236898728
1.5,3,6,8,-4.0,11.150868673469775,8.619299214867832
1.5,3,6,8,-6.0,28.737348374899014,23.433140904401203
1.5,3,6,9,0.5,0.6769483974617138,0.9412544343495246
1.5,3,6,9,0.0,1.0,1.0
1.5,3,6,9,-0.5,1.4360039925734578,1.3071224195902822
1.5,3,6,9,-1.0,2.015035999061725,1.759314914961023
1.5,3,6,9,-2.0,3.7558748925962315,3.2808492527661604
1.5,3,6,9,-4.0,11.150868673469775,11.300630163435569
1.5,3,6,9,-6.0,28.737348374899014,36.00355009977553
1.5,3,6,10,0.5,0.6769483974617138,0.9457466041657835
1.5,3,6,10,0.0,1.0,1.0
1.5,3,6,10,-0.5,1.4360039925734578,1.3906489329343747
1.5,3,6,10,-1.0,2.015035999061725,1.998280309798043
1.5,3,6,10,-2.0,3.7558748925962315,4.256483509530087
1.5,3,6,10,-4.0,11.150868673469775,17.650697107335937
1.5,3,6,10,-6.0,28.737348374899014,57.5455537541463
1.5,3,6,11,0.5,0.6769483974617138,0.9296068367907065
1.5,3,6,11,0.0,1.0,1.0
1.5,3,6,11,-0.5,1.4360039925734578,1.3212063270618668
1.5,3,6,11,-1.0,2.015035999061725,2.057567388152464
1.5,3,6,11,-2.0,3.7558748925962315,5.81710417546283
1.5,3,6,11,-4.0,11.150868673469775,46.14944197947281
1.5,3,6,11,-6.0,28.737348374899014,103.4339105909366
1.5,3,6,12,0.5,0.6769483974617138,0.9271847745153792
1.5,3,6,12,0.0,1.0,1.0
1.5,3,6,12,-0.5,1.4360039925734578,1.171456808312957
1.5,3,6,12,-1.0,2.015035999061725,1.421236116373805
1.5,3,6,12,-2.0,3.7558748925962315,2.176659011110656
1.5,3,6,12,-4.0,11.150868673469775,5.583266107920708
1.5,3,6,12,-6.0,28.737348374899014,15.410750587920994
1.5,3,6,13,0.5,0.6769483974617138,0.9433424721367408
1.5,3,6,13,0.0,1.0,1.0
1.5,3,6,13,-0.5,1.4360039925734578,1.2191030610341822
1.5,3,6,13,-1.0,2.015035999061725,1.5123810477646207
1.5,3,6,13,-2.0,3.7558748925962315,2.439794437398913
1.5,3,6,13,-4.0,11.150868673469775,6.419013084904022
1.5,3,6,13,-6.0,28.737348374899014,16.218952601393976
1.5,3,6,14,0.5,0.6769483974617138,0.9136789152295491
1.5,3,6,14,0.0,1.0,1.0
1.5,3,6,14,-0.5,1.4360039925734578,1.1444963312277046
1.5,3,6,14,-1.0,2.015035999061725,1.3203639282668291
1.5,3,6,14,-2.0,3.7558748925962315,1.8146165397916052
1.5,3,6,14,-4.0,11.150868673469775,3.897934041863717
1.5,3,6,14,-6.0,28.737348374899014,8.31487454670334
1.5,3,6,15,0.5,0.6769483974617138,0.9108377521016335
1.5,3,6,15,0.0,1.0,1.0
1.5,3,6,15,-0.5,1.4360039925734578,1.368648993453721
1.5,3,6,15,-1.0,2.015035999061725,2.0241646122704378
1.5,3,6,15,-2.0,3.7558748925962315,4.657306968885405
1.5,3,6,15,-4.0,11.150868673469775,22.316875266572154
1.5,3,6,15,-6.0,28.737348374899014,70.85185155571929
1.5,3,6,16,0.5,0.6769483974617138,0.8849806004383105
1.5,3,6,16,0.0,1.0,1.0
1.5,3,6,16,-0.5,1.4360039925734578,1.3857191475377844
1.5,3,6,16,-1.0,2.015035999061725,1.982301365549438
1.5,3,6,16,-2.0,3.7558748925962315,4.249939304891987
1.5,3,6,16,-6.0,28.737348374899014,41.71899980208533
1.5,3,6,17,0.5,0.6769483974617138,0.9453623822972835
1.5,3,6,17,0.0,1.0,1.0
1.5,3,6,17,-0.5,1.4360039925734578,1.2318278830242988
1.5,3,6,17,-1.0,2.015035999061725,1.5262451162156976
1.5,3,6,17,-2.0,3.7558748925962315,2.39545745929288
1.5,3,6,17,-4.0,11.150868673469775,5.69138364013115
1.5,3,6,17,-6.0,28.737348374899014,12.973692764941921
1.5,3,6,18,0.5,0.6769483974617138,0.924071653855235
1.5,3,6,18,0.0,1.0,1.0
1.5,3,6,18,-0.5,1.4360039925734578,1.2023294437435825
1.5,3,6,18,-1.0,2.015035999061725,1.4804132872201228
1.5,3,6,18,-2.0,3.7558748925962315,3.1032419137779637
1.5,3,6,18,-4.0,11.150868673469775,14.263447840762575
1.5,3,6,18,-6.0,28.737348374899014,60.6130723279525
1.5,3,6,19,0.5,0.6769483974617138,0.9147238291783488
1.5,3,6,19,0.0,1.0,1.0
1.5,3,6,19,-0.5,1.4360039925734578,1.2864824483296151
1.5,3,6,19,-1.0,2.015035999061725,1.769049894718431
1.5,3,6,19,-2.0,3.7558748925962315,3.6347604295520406
1.5,3,6,19,-4.0,11.150868673469775,16.108004889577547
1.5,3,6,19,-6.0,28.737348374899014,41.47309831667634
1.5,3,6,20,0.5,0.6769483974617138,0.924395143913922
1.5,3,6,20,0.0,1.0,1.0
1.5,3,6,20,-0.5,1.4360039925734578,1.2385795415643244
1.5,3,6,20,-1.0,2.015035999061725,1.6711623901524424
1.5,3,6,20,-2.0,3.7558748925962315,3.0607083118909735
1.5,3,6,20,-4.0,11.150868673469775,9.197588420029048
1.5,3,6,20,-6.0,28.737348374899014,20.646890848981023
1.5,3,6,21,0.5,0.6769483974617138,0.9088353022110641
1.5,3,6,21,0.0,1.0,1.0
1.5,3,6,21,-0.5,1.4360039925734578,1.2255493672220976
1.5,3,6,21,-1.0,2.015035999061725,1.6477336392632744
1.5,3,6,21,-2.0,3.7558748925962315,3.0938829611817398
1.5,3,6,21,-4.0,11.150868673469775,10.667844716825865
1.5,3,6,21,-6.0,28.737348374899014,33.71733156099873
1.5,3,6,22,0.5,0.6769483974617138,0.9244268944502536
1.5,3,6,22,0.0,1.0,1.0
1.5,3,6,22,-0.5,1.4360039925734578,1.264865610675563
1.5,3,6,22,-1.0,2.015035999061725,1.6471689931225952
1.5,3,6,22,-2.0,3.7558748925962315,3.0458437583545903
1.5,3,6,22,-4.0,11.150868673469775,9.976151793163808
1.5,3,6,22,-6.0,28.737348374899014,27.495010804190247
1.5,3,6,23,0.5,0.6769483974617138,0.9463960595197966
1.5,3,6,23,0.0,1.0,1.0
1.5,3,6,23,-0.5,1.4360039925734578,1.4785400435401843
1.5,3,6,23,-1.0,2.015035999061725,2.2151118083997607
1.5,3,6,23,-2.0,3.7558748925962315,5.018625876329726
1.5,3,6,23,-4.0,11.150868673469775,24.421774281784426
1.5,3,6,23,-6.0,28.737348374899014,58.341505634555716
1.5,3,6,24,0.5,0.6769483974617138,0.9177019619564748
1.5,3,6,24,0.0,1.0,1.0
1.5,3,6,24,-0.5,1.4360039925734578,1.1476930070923663
1.5,3,6,24,-1.0,2.015035999061725,1.319513703606648
1.5,3,6,24,-2.0,3.7558748925962315,1.7930534019802453
1.5,3,6,24,-4.0,11.150868673469775,3.7557200077671307
1.5,3,6,24,-6.0,28.737348374899014,8.16330428369294
1.5,3,6,25,0.5,0.6769483974617138,0.9415553472516932
1.5,3,6,25,0.0,1.0,1.0
1.5,3,6,25,-0.5,1.4360039925734578,1.2656599020143786
1.5,3,6,25,-1.0,2.015035999061725,1.7380635728177607
1.5,3,6,25,-2.0,3.7558748925962315,3.5439342773032547
1.5,3,6,25,-4.0,11.150868673469775,15.211449489629489
1.5,3,6,25,-6.0,28.737348374899014,60.72968568600651
1.5,3,6,26,0.5,0.6769483974617138,0.9097840813110414
1.5,3,6,26,0.0,1.0,1.0
1.5,3,6,26,-0.5,1.4360039925734578,1.3294923264600742
1.5,3,6,26,-1.0,2.015035999061725,1.8779494975457174
1.5,3,6,26,-2.0,3.7558748925962315,3.800657086925539
1.5,3,6,26,-4.0,11.150868673469775,14.482318855773704
1.5,3,6,26,-6.0,28.737348374899014,43.32737877853855
1.5,3,6,27,0.5,0.6769483974617138,0.9274656896451504
1.5,3,6,27,0.0,1.0,1.0
1.5,3,6,27,-0.5,1.4360039925734578,1.257042013766678
1.5,3,6,27,-1.0,2.015035999061725,1.6104901186951202
1.5,3,6,27,-2.0,3.7558748925962315,2.6921391486138826
1.5,3,6,27,-4.0,11.150868673469775,7.592099215132918
1.5,3,6,27,-6.0,28.737348374899014,20.22468830602717
1.5,3,6,28,0.5,0.6769483974617138,0.9051863207433039
1.5,3,6,28,0.0,1.0,1.0
1.5,3,6,28,-0.5,1.4360039925734578,1.3187975845706483
1.5,3,6,28,-1.0,2.015035999061725,1.7873482178283768
1.5,3,6,28,-2.0,3.7558748925962315,3.7948805996188
1.5,3,6,28,-4.0,11.150868673469775,18.06913885020964
1.5,3,6,28,-6.0,28.737348374899014,50.301411057927574
1.5,3,6,29,0.5,0.6769483974617138,0.936696731372527
1.5,3,6,29,0.0,1.0,1.0
1.5,3,6,29,-0.5,1.4360039925734578,1.255355522178321
1.5,3,6,29,-1.0,2.015035999061725,1.6231167003104787
1.5,3,6,29,-2.0,3.7558748925962315,2.7938949039666934
1.5,3,6,29,-4.0,11.150868673469775,8.179047315443894
1.5,3,6,29,-6.0,28.737348374899014,22.570949969276672
1.5,3,6,30,0.5,0.6769483974617138,0.9285892737464867
1.5,3,6,30,0.0,1.0,1.0
1.5,3,6,30,-0.5,1.4360039925734578,1.3445269238897612
1.5,3,6,30,-1.0,2.015035999061725,2.0775056402613057
1.5,3,6,30,-2.0,3.7558748925962315,5.139069279051703
1.5,3,6,30,-4.0,11.150868673469775,29.672325052867723
1.5,3,6,30,-6.0,28.737348374899014,81.20406124659992
1.5,3,6,31,0.5,0.6769483974617138,0.9384102318620979
1.5,3,6,31,0.0,1.0,1.0
1.5,3,6,31,-0.5,1.4360039925734578,1.2827747251956276
1.5,3,6,31,-1.0,2.015035999061725,1.670441271160659
1.5,3,6,31,-2.0,3.7558748925962315,2.916882487643119
1.5,3,6,31,-4.0,11.150868673469775,8.63937381446251
1.5,3,6,31,-6.0,28.737348374899014,23.72862701032964
1.5,3,6,32,0.5,0.6769483974617138,0.914776508787868
1.5,3,6,32,0.0,1.0,1.0
1.5,3,6,32,-0.5,1.4360039925734578,1.2902407088673118
1.5,3,6,32,-1.0,2.015035999061725,1.7345141162518465
1.5,3,6,32,-2.0,3.7558748925962315,3.119760983632569
1.5,3,6,32,-4.0,11.150868673469775,9.472454413530661
1.5,3,6,32,-6.0,28.737348374899014,24.72377851198255
1.5,3,6,33,0.5,0.6769483974617138,0.9612011421548668
1.5,3,6,33,0.0,1.0,1.0
1.5,3,6,33,-0.5,1.4360039925734578,1.151985667038065
1.5,3,6,33,-1.0,2.015035999061725,1.3613332998633056
1.5,3,6,33,-2.0,3.7558748925962315,1.9641956661183346
1.5,3,6,33,-4.0,11.150868673469775,4.35273785515068
1.5,3,6,33,-6.0,28.737348374899014,9.663129429255125
1.5,3,6,34,0.5,0.6769483974617138,0.8862946599977598
1.5,3,6,34,0.0,1.0,1.0
1.5,3,6,34,-0.5,1.4360039925734578,1.188686277823765
1.5,3,6,34,-1.0,2.015035999061725,1.4650315446408777
1.5,3,6,34,-2.0,3.7558748925962315,2.3894719334410115
1.5,3,6,34,-4.0,11.150868673469775,6.577100698431081
1.5,3,6,34,-6.0,28.737348374899014,18.357869208736254
1.5,3,6,35,0.5,0.6769483974617138,0.9181071420176753
1.5,3,6,35,0.0,1.0,1.0
1.5,3,6,35,-0.5,1.4360039925734578,1.3734932447351367
1.5,3,6,35,-1.0,2.015035999061725,2.0335003179211535
1.5,3,6,35,-2.0,3.7558748925962315,4.587254470616723
1.5,3,6,35,-4.0,11.150868673469775,19.117555701679454
1.5,3,6,35,-6.0,28.737348374899014,57.84347414435096
1.5,3,6,36,0.5,0.6769483974617138,0.9520491669357292
1.5,3,6,36,0.0,1.0,1.0
1.5,3,6,36,-0.5,1.4360039925734578,1.141184620587826
1.5,3,6,36,-1.0,2.015035999061725,1.312129647973494
1.5,3,6,36,-2.0,3.7558748925962315,1.7438994515446045
1.5,3,6,36,-4.0,11.150868673469775,3.06213360077133
1.5,3,6,36,-6.0,28.737348374899014,5.390002743111783
1.5,3,6,37,0.5,0.6769483974617138,0.9369634322581716
1.5,3,6,37,0.0,1.0,1.0
1.5,3,6,37,-0.5,1.4360039925734578,1.3273363391896202
1.5,3,6,37,-1.0,2.015035999061725,1.7779626897297334
1.5,3,6,37,-2.0,3.7558748925962315,3.199303403350319
1.5,3,6,37,-4.0,11.150868673469775,9.911535529906033
1.5,3,6,37,-6.0,28.737348374899014,28.60382394313541
1.5,3,6,38,0.5,0.6769483974617138,0.8994412096090151
1.5,3,6,38,0.0,1.0,1.0
1.5,3,6,38,-0.5,1.4360039925734578,1.5742025050619874
1.5,3,6,38,-1.0,2.015035999061725,2.5488659424506297
1.5,3,6,38,-2.0,3.7558748925962315,6.700182512159528
1.5,3,6,38,-4.0,11.150868673469775,40.91234622151388
1.5,3,6,38,-6.0,28.737348374899014,52.7061495832722
1.5,3,6,39,0.5,0.6769483974617138,0.9223010544042642
1.5,3,6,39,0.0,1.0,1.0
1.5,3,6,39,-0.5,1.4360039925734578,1.5259307337978705
1.5,3,6,39,-1.0,2.015035999061725,2.4290370992111017
1.5,3,6,39,-2.0,3.7558748925962315,6.217532811215451
1.5,3,6,39,-4.0,11.150868673469775,38.09759761243201
1.5,3,6,39,-6.0,28.737348374899014,54.87682128114332
1.5,3,6,40,0.5,0.6769483974617138,0.9381776467899562
1.5,3,6,40,0.0,1.0,1.0
1.5,3,6,40,-0.5,1.4360039925734578,1.2113411775994891
1.5,3,6,40,-1.0,2.015035999061725,1.4829304287965441
1.5,3,6,40,-2.0,3.7558748925962315,2.2192143235547235
1.5,3,6,40,-4.0,11.150868673469775,5.0402726582297195
1.5,3,6,40,-6.0,28.737348374899014,11.115195980640967
1.5,3,6,41,0.5,0.6769483974617138,0.9369336381809019
1.5,3,6,41,0.0,1.0,1.0
1.5,3,6,41,-0.5,1.4360039925734578,1.164380044542724
1.5,3,6,41,-1.0,2.015035999061725,1.4465275190562754
1.5,3,6,41,-2.0,3.7558748925962315,2.755562457935688
1.5,3,6,41,-4.0,11.150868673469775,10.893386308706617
1.5,3,6,41,-6.0,28.737348374899014,41.84077000348309
1.5,3,6,42,0.5,0.6769483974617138,0.9474114257406401
1.5,3,6,42,0.0,1.0,1.0
1.5,3,6,42,-0.5,1.4360039925734578,1.2971041395442908
1.5,3,6,42,-1.0,2.015035999061725,1.7125015984842769
1.5,3,6,42,-2.0,3.7558748925962315,2.9510496355556834
1.5,3,6,42,-4.0,11.150868673469775,8.462106896237888
1.5,3,6,42,-6.0,28.737348374899014,22.715464392726645
1.5,3,6,43,0.5,0.6769483974617138,0.9106888828522488
1.5,3,6,43,0.0,1.0,1.0
1.5,3,6,43,-0.5,1.4360039925734578,1.3260929431862498
1.5,3,6,43,-1.0,2.015035999061725,1.7772965671962775
1.5,3,6,43,-2.0,3.7558748925962315,3.460577812322906
1.5,3,6,43,-4.0,11.150868673469775,17.04193436720328
1.5,3,6,43,-6.0,28.737348374899014,55.524085012510874
1.5,3,6,44,0.5,0.6769483974617138,0.931850433977852
1.5,3,6,44,0.0,1.0,1.0
1.5,3,6,44,-0.5,1.4360039925734578,1.2982472156116076
1.5,3,6,44,-1.0,2.015035999061725,1.7644569800579069
1.5,3,6,44,-2.0,3.7558748925962315,3.3763684226225545
1.5,3,6,44,-4.0,11.150868673469775,12.084903220708142
1.5,3,6,44,-6.0,28.737348374899014,40.68058720925489
1.5,3,6,45,0.5,0.6769483974617138,0.9276319150460054
1.5,3,6,45,0.0,1.0,1.0
1.5,3,6,45,-0.5,1.4360039925734578,1.1442475545468784
1.5,3,6,45,-1.0,2.015035999061725,1.3295831259074522
1.5,3,6,45,-2.0,3.7558748925962315,1.9604055841483017
1.5,3,6,45,-4.0,11.150868673469775,4.463726080315587
1.5,3,6,45,-6.0,28.737348374899014,9.926096848414213
1.5,3,6,46,0.5,0.6769483974617138,0.9223202373135605
1.5,3,6,46,0.0,1.0,1.0
1.5,3,6,46,-0.5,1.4360039925734578,1.2442076588151099
1.5,3,6,46,-1.0,2.015035999061725,1.6205057825989708
1.5,3,6,46,-2.0,3.7558748925962315,3.1132659593138157
1.5,3,6,46,-4.0,11.150868673469775,11.512052714181207
1.5,3,6,46,-6.0,28.737348374899014,40.26723364399022
1.5,3,6,47,0.5,0.6769483974617138,0.8889948621131852
1.5,3,6,47,0.0,1.0,1.0
1.5,3,6,47,-0.5,1.4360039925734578,1.3033960950536414
1.5,3,6,47,-1.0,2.015035999061725,1.7548287146500448
1.5,3,6,47,-2.0,3.7558748925962315,3.294211600923027
1.5,3,6,47,-4.0,11.150868673469775,10.829252918169102
1.5,3,6,47,-6.0,28.737348374899014,33.297852226705906
1.5,3,6,48,0.5,0.6769483974617138,0.9417703491011732
1.5,3,6,48,0.0,1.0,1.0
1.5,3,6,48,-0.5,1.4360039925734578,1.1498387543436304
1.5,3,6,48,-1.0,2.015035999061725,1.4685867840117175
1.5,3,6,48,-2.0,3.7558748925962315,2.6106192981758682
1.5,3,6,48,-4.0,11.150868673469775,8.2206671887087
1.5,3,6,48,-6.0,28.737348374899014,24.263178795091875
1.5,3,6,49,0.5,0.6769483974617138,0.9093920123664064
1.5,3,6,49,0.0,1.0,1.0
1.5,3,6,49,-0.5,1.4360039925734578,1.3162075612038577
1.5,3,6,49,-1.0,2.015035999061725,1.7336229140119985
1.5,3,6,49,-2.0,3.7558748925962315,3.010469930318007
1.5,3,6,49,-4.0,11.150868673469775,8.991773513025233
1.5,3,6,49,-6.0,28.737348374899014,27.52968173313759
0.8,4,10,0,0.5,0.8977818842738932,0.9525055788141471
0.8,4,10,0,0.0,1.0,1.0
0.8,4,10,0,-0.5,1.1113232970947498,1.0734722915820771
0.8,4,10,0,-1.0,1.2323941181210039,1.1515470753133634
0.8,4,10,0,-2.0,1.5065359277077244,1.334820284529808
0.8,4,10,0,-4.0,2.204423086043723,1.8108009351430316
0.8,4,10,0,-6.0,3.1496856357366823,2.463606294101639
0.8,4,10,1,0.5,0.8977818842738932,0.9661453516290488
0.8,4,10,1,0.0,1.0,1.0
0.8,4,10,1,-0.5,1.1113232970947498,1.0903649238467716
0.8,4,10,1,-1.0,1.2323941181210039,1.1940127398028033
0.8,4,10,1,-2.0,1.5065359277077244,1.4330796098229228
0.8,4,10,1,-4.0,2.204423086043723,2.094509371794736
0.8,4,10,1,-6.0,3.1496856357366823,3.0524238243642157
0.8,4,10,2,0.5,0.8977818842738932,0.9511185839730579
0.8,4,10,2,0.0,1.0,1.0
0.8,4,10,2,-0.5,1.1113232970947498,1.056848142351066
0.8,4,10,2,-1.0,1.2323941181210039,1.116600598620203
0.8,4,10,2,-2.0,1.5065359277077244,1.2520170945515239
0.8,4,10,2,-4.0,2.204423086043723,1.5868138548368482
0.8,4,10,2,-6.0,3.1496856357366823,2.0226297738323953
0.8,4,10,3,0.5,0.8977818842738932,0.9405122505191394
0.8,4,10,3,0.0,1.0,1.0
0.8,4,10,3,-0.5,1.1113232970947498,1.0866789620715214
0.8,4,10,3,-1.0,1.2323941181210039,1.1863940334881045
0.8,4,10,3,-2.0,1.5065359277077244,1.4321789044742261
0.8,4,10,3,-4.0,2.204423086043723,2.15371994994487
0.8,4,10,3,-6.0,3.1496856357366823,3.328459849882977
0.8,4,10,4,0.5,0.8977818842738932,0.9453998480483818
0.8,4,10,4,0.0,1.0,1.0
0.8,4,10,4,-0.5,1.1113232970947498,1.0732072532664405
0.8,4,10,4,-1.0,1.2323941181210039,1.1588874234447442
0.8,4,10,4,-2.0,1.5065359277077244,1.3800885991556981
0.8,4,10,4,-4.0,2.204423086043723,2.1091951941565203
0.8,4,10,4,-6.0,3.1496856357366823,3.3311383196991176
0.8,4,10,5,0.5,0.8977818842738932,0.9656921791712912
0.8,4,10,5,0.0,1.0,1.0
0.8,4,10,5,-0.5,1.1113232970947498,1.0496543898961352
0.8,4,10,5,-1.0,1.2323941181210039,1.1001768844537483
0.8,4,10,5,-2.0,1.5065359277077244,1.2195954694546234
0.8,4,10,5,-4.0,2.204423086043723,1.4977503044938625
0.8,4,10,5,-6.0,3.1496856357366823,1.855593009753395
0.8,4,10,6,0.5,0.8977818842738932,0.9553235638259523
0.8,4,10,6,0.0,1.0,1.0
0.8,4,10,6,-0.5,1.1113232970947498,1.060151307922493
0.8,4,10,6,-1.0,1.2323941181210039,1.1262462919473923
0.8,4,10,6,-2.0,1.5065359277077244,1.2802014987844386
0.8,4,10,6,-4.0,2.204423086043723,1.6589890986057831
0.8,4,10,6,-6.0,3.1496856357366823,2.1724185229984743
0.8,4,10,7,0.5,0.8977818842738932,0.9662264598770397
0.8,4,10,7,0.0,1.0,1.0
0.8,4,10,7,-0.5,1.1113232970947498,1.072165261878119
0.8,4,10,7,-1.0,1.2323941181210039,1.1500987732855368
0.8,4,10,7,-2.0,1.5065359277077244,1.331018626756652
0.8,4,10,7,-4.0,2.204423086043723,1.7903470923412426
0.8,4,10,7,-6.0,3.1496856357366823,2.4128378030046855
0.8,4,10,8,0.5,0.8977818842738932,0.9587303256751081
0.8,4,10,8,0.0,1.0,1.0
0.8,4,10,8,-0.5,1.1113232970947498,1.0495695791551787
0.8,4,10,8,-1.0,1.2323941181210039,1.1080834511969595
0.8,4,10,8,-2.0,1.5065359277077244,1.2379247975469296
0.8,4,10,8,-4.0,2.204423086043723,1.5705259497101132
0.8,4,10,8,-6.0,3.1496856357366823,2.0157539206944755
0.8,4,10,9,0.5,0.8977818842738932,0.9573307264469029
0.8,4,10,9,0.0,1.0,1.0
0.8,4,10,9,-0.5,1.1113232970947498,1.0512764328534638
0.8,4,10,9,-1.0,1.2323941181210039,1.107010844820201
0.8,4,10,9,-2.0,1.5065359277077244,1.2325943699783084
0.8,4,10,9,-4.0,2.204423086043723,1.537728975564793
0.8,4,10,9,-6.0,3.1496856357366823,1.9391979855972112
0.8,4,10,10,0.5,0.8977818842738932,0.9378006405757651
0.8,4,10,10,0.0,1.0,1.0
0.8,4,10,10,-0.5,1.1113232970947498,1.0804315754055107
0.8,4,10,10,-1.0,1.2323941181210039,1.1753546597223206
0.8,4,10,10,-2.0,1.5065359277077244,1.4009855328085443
0.8,4,10,10,-4.0,2.204423086043723,2.092442581690946
0.8,4,10,10,-6.0,3.1496856357366823,3.245992246224325
0.8,4,10,11,0.5,0.8977818842738932,0.9494812572764626
0.8,4,10,11,0.0,1.0,1.0
0.8,4,10,11,-0.5,1.1113232970947498,1.0638409754858456
0.8,4,10,11,-1.0,1.2323941181210039,1.1518003840995943
0.8,4,10,11,-2.0,1.5065359277077244,1.396337927216863
0.8,4,10,11,-4.0,2.204423086043723,2.0481162706492664
0.8,4,10,11,-6.0,3.1496856357366823,3.032303190661738
0.8,4,10,12,0.5,0.8977818842738932,0.9607835108474944
0.8,4,10,12,0.0,1.0,1.0
0.8,4,10,12,-0.5,1.1113232970947498,1.051364265058484
0.8,4,10,12,-1.0,1.2323941181210039,1.1107994768800062
0.8,4,10,12,-2.0,1.5065359277077244,1.2399749504097943
0.8,4,10,12,-4.0,2.204423086043723,1.5573780268945625
0.8,4,10,12,-6.0,3.1496856357366823,2.0047268222686387
0.8,4,10,13,0.5,0.8977818842738932,0.9640082144145419
0.8,4,10,13,0.0,1.0,1.0
0.8,4,10,13,-0.5,1.1113232970947498,1.038495614761306
0.8,4,10,13,-1.0,1.2323941181210039,1.085404443333416
0.8,4,10,13,-2.0,1.5065359277077244,1.182656268652983
0.8,4,10,13,-4.0,2.204423086043723,1.4188575858307864
0.8,4,10,13,-6.0,3.1496856357366823,1.7340148368663526
0.8,4,10,14,0.5,0.8977818842738932,0.9704688130883087
0.8,4,10,14,0.0,1.0,1.0
0.8,4,10,14,-0.5,1.1113232970947498,1.1095783014342022
0.8,4,10,14,-1.0,1.2323941181210039,1.2289373269666435
0.8,4,10,14,-2.0,1.5065359277077244,1.521046485657757
0.8,4,10,14,-4.0,2.204423086043723,2.3211448304969955
0.8,4,10,14,-6.0,3.1496856357366823,3.5387069818678167
0.8,4,10,15,0.5,0.8977818842738932,0.9613221257540635
0.8,4,10,15,0.0,1.0,1.0
0.8,4,10,15,-0.5,1.1113232970947498,1.0522713070518732
0.8,4,10,15,-1.0,1.2323941181210039,1.1118551078176686
0.8,4,10,15,-2.0,1.5065359277077244,1.2468838660312858
0.8,4,10,15,-4.0,2.204423086043723,1.6271516602268392
0.8,4,10,15,-6.0,3.1496856357366823,2.2299154933214997
0.8,4,10,16,0.5,0.8977818842738932,0.9629662245838454
0.8,4,10,16,0.0,1.0,1.0
0.8,4,10,16,-0.5,1.1113232970947498,1.0836519725397977
0.8,4,10,16,-1.0,1.2323941181210039,1.178841609123196
0.8,4,10,16,-2.0,1.5065359277077244,1.4014773674417982
0.8,4,10,16,-4.0,2.204423086043723,1.9855272896301097
0.8,4,10,16,-6.0,3.1496856357366823,2.837829600164387
0.8,4,10,17,0.5,0.8977818842738932,0.9493951586422541
0.8,4,10,17,0.0,1.0,1.0
0.8,4,10,17,-0.5,1.1113232970947498,1.0896491113453157
0.8,4,10,17,-1.0,1.2323941181210039,1.2025735962939264
0.8,4,10,17,-2.0,1.5065359277077244,1.4906552890369176
0.8,4,10,17,-4.0,2.204423086043723,2.3875692464379292
0.8,4,10,17,-6.0,3.1496856357366823,3.9023712314572805
0.8,4,10,18,0.5,0.8977818842738932,0.9551853194515468
0.8,4,10,18,0.0,1.0,1.0
0.8,4,10,18,-0.5,1.1113232970947498,1.0618212772050188
0.8,4,10,18,-1.0,1.2323941181210039,1.1291750620802807
0.8,4,10,18,-2.0,1.5065359277077244,1.2885860808728902
0.8,4,10,18,-4.0,2.204423086043723,1.7108170676182999
0.8,4,10,18,-6.0,3.1496856357366823,2.294932722940889
0.8,4,10,19,0.5,0.8977818842738932,0.9528625727988574
0.8,4,10,19,0.0,1.0,1.0
0.8,4,10,19,-0.5,1.1113232970947498,1.0716614231400368
0.8,4,10,19,-1.0,1.2323941181210039,1.1600904108067958
0.8,4,10,19,-2.0,1.5065359277077244,1.3561254473704236
0.8,4,10,19,-4.0,2.204423086043723,1.8609765225134547
0.8,4,10,19,-6.0,3.1496856357366823,2.5453266375018897
0.8,4,10,20,0.5,0.8977818842738932,0.9504771223645527
0.8,4,10,20,0.0,1.0,1.0
0.8,4,10,20,-0.5,1.1113232970947498,1.067792364855756
0.8,4,10,20,-1.0,1.2323941181210039,1.1388372427601074
0.8,4,10,20,-2.0,1.5065359277077244,1.3096230016817632
0.8,4,10,20,-4.0,2.204423086043723,1.7924158097839362
0.8,4,10,20,-6.0,3.1496856357366823,2.5245009031717816
0.8,4,10,21,0.5,0.8977818842738932,0.9630893404065486
0.8,4,10,21,0.0,1.0,1.0
0.8,4,10,21,-0.5,1.1113232970947498,1.0578368566856258
0.8,4,10,21,-1.0,1.2323941181210039,1.118828578350778
0.8,4,10,21,-2.0,1.5065359277077244,1.2618807906785259
0.8,4,10,21,-4.0,2.204423086043723,1.621986608051656
0.8,4,10,21,-6.0,3.1496856357366823,2.2040000790991865
0.8,4,10,22,0.5,0.8977818842738932,0.9502459923872775
0.8,4,10,22,0.0,1.0,1.0
0.8,4,10,22,-0.5,1.1113232970947498,1.0686610272299424
0.8,4,10,22,-1.0,1.2323941181210039,1.1443191564197597
0.8,4,10,22,-2.0,1.5065359277077244,1.3140365905098472
0.8,4,10,22,-4.0,2.204423086043723,1.813428808557651
0.8,4,10,22,-6.0,3.1496856357366823,2.6054670328778227
0.8,4,10,23,0.5,0.8977818842738932,0.9589348060461877
0.8,4,10,23,0.0,1.0,1.0
0.8,4,10,23,-0.5,1.1113232970947498,1.0821987644832103
0.8,4,10,23,-1.0,1.2323941181210039,1.1705924747678829
0.8,4,10,23,-2.0,1.5065359277077244,1.3793098812939912
0.8,4,10,23,-4.0,2.204423086043723,1.8875998721020657
0.8,4,10,23,-6.0,3.1496856357366823,2.578352976074512
0.8,4,10,24,0.5,0.8977818842738932,0.9619313122398194
0.8,4,10,24,0.0,1.0,1.0
0.8,4,10,24,-0.5,1.1113232970947498,1.0640458784384836
0.8,4,10,24,-1.0,1.2323941181210039,1.1356651789330108
0.8,4,10,24,-2.0,1.5065359277077244,1.282272211486186
0.8,4,10,24,-4.0,2.204423086043723,1.6676240730855816
0.8,4,10,24,-6.0,3.1496856357366823,2.152594288731152
0.8,4,10,25,0.5,0.8977818842738932,0.9578041125905365
0.8,4,10,25,0.0,1.0,1.0
0.8,4,10,25,-0.5,1.1113232970947498,1.054064530989163
0.8,4,10,25,-1.0,1.2323941181210039,1.1147888579131262
0.8,4,10,25,-2.0,1.5065359277077244,1.2498285591054261
0.8,4,10,25,-4.0,2.204423086043723,1.6197323455592871
0.8,4,10,25,-6.0,3.1496856357366823,2.1793760391778547
0.8,4,10,26,0.5,0.8977818842738932,0.9572439661136619
0.8,4,10,26,0.0,1.0,1.0
0.8,4,10,26,-0.5,1.1113232970947498,1.0677688003239996
0.8,4,10,26,-1.0,1.2323941181210039,1.1411244566300554
0.8,4,10,26,-2.0,1.5065359277077244,1.321616304285847
0.8,4,10,26,-4.0,2.204423086043723,1.814488028866038
0.8,4,10,26,-6.0,3.1496856357366823,2.606730475158916
0.8,4,10,27,0.5,0.8977818842738932,0.9568912720237863
0.8,4,10,27,0.0,1.0,1.0
0.8,4,10,27,-0.5,1.1113232970947498,1.0706281610995176
0.8,4,10,27,-1.0,1.2323941181210039,1.1496771740391
0.8,4,10,27,-2.0,1.5065359277077244,1.3410728235178064
0.8,4,10,27,-4.0,2.204423086043723,1.8598592807081216
0.8,4,10,27,-6.0,3.1496856357366823,2.6291959682381623
0.8,4,10,28,0.5,0.8977818842738932,0.958616303668525
0.8,4,10,28,0.0,1.0,1.0
0.8,4,10,28,-0.5,1.1113232970947498,1.053668608351813
0.8,4,10,28,-1.0,1.2323941181210039,1.1090315958237094
0.8,4,10,28,-2.0,1.5065359277077244,1.2405176915514267
0.8,4,10,28,-4.0,2.204423086043723,1.5730755572460262
0.8,4,10,28,-6.0,3.1496856357366823,2.0846130277332513
0.8,4,10,29,0.5,0.8977818842738932,0.9543898300872081
0.8,4,10,29,0.0,1.0,1.0
0.8,4,10,29,-0.5,1.1113232970947498,1.0503625251155746
0.8,4,10,29,-1.0,1.2323941181210039,1.1036775390075049
0.8,4,10,29,-2.0,1.5065359277077244,1.2321062019511186
0.8,4,10,29,-4.0,2.204423086043723,1.5476951122024756
0.8,4,10,29,-6.0,3.1496856357366823,1.9700816062069166
0.8,4,10,30,0.5,0.8977818842738932,0.9628124655182382
0.8,4,10,30,0.0,1.0,1.0
0.8,4,10,30,-0.5,1.1113232970947498,1.0501955836274808
0.8,4,10,30,-1.0,1.2323941181210039,1.1093384130550643
0.8,4,10,30,-2.0,1.5065359277077244,1.2354250149566914
0.8,4,10,30,-4.0,2.204423086043723,1.5451769585525017
0.8,4,10,30,-6.0,3.1496856357366823,2.0221830177145947
0.8,4,10,31,0.5,0.8977818842738932,0.9538015332841623
0.8,4,10,31,0.0,1.0,1.0
0.8,4,10,31,-0.5,1.1113232970947498,1.053474650359411
0.8,4,10,31,-1.0,1.2323941181210039,1.1138036930359014
0.8,4,10,31,-2.0,1.5065359277077244,1.2433754236393333
0.8,4,10,31,-4.0,2.204423086043723,1.5647286218267213
0.8,4,10,31,-6.0,3.1496856357366823,2.032596381461973
0.8,4,10,32,0.5,0.8977818842738932,0.9589167596956818
0.8,4,10,32,0.0,1.0,1.0
0.8,4,10,32,-0.5,1.1113232970947498,1.056253193938074
0.8,4,10,32,-1.0,1.2323941181210039,1.122018628417568
0.8,4,10,32,-2.0,1.5065359277077244,1.277856648558346
0.8,4,10,32,-4.0,2.204423086043723,1.6726849618461275
0.8,4,10,32,-6.0,3.1496856357366823,2.2090976222434566
0.8,4,10,33,0.5,0.8977818842738932,0.9553747410845816
0.8,4,10,33,0.0,1.0,1.0
0.8,4,10,33,-0.5,1.1113232970947498,1.084104739649369
0.8,4,10,33,-1.0,1.2323941181210039,1.1763610845899937
0.8,4,10,33,-2.0,1.5065359277077244,1.395249859705004
0.8,4,10,33,-4.0,2.204423086043723,1.9545849513318079
0.8,4,10,33,-6.0,3.1496856357366823,2.7363975105176883
0.8,4,10,34,0.5,0.8977818842738932,0.949515554565819
0.8,4,10,34,0.0,1.0,1.0
0.8,4,10,34,-0.5,1.1113232970947498,1.0748786662350893
0.8,4,10,34,-1.0,1.2323941181210039,1.1552721544572508
0.8,4,10,34,-2.0,1.5065359277077244,1.3547902712337447
0.8,4,10,34,-4.0,2.204423086043723,1.8466861274916984
0.8,4,10,34,-6.0,3.1496856357366823,2.5264782428415113
0.8,4,10,35,0.5,0.8977818842738932,0.9628001877088792
0.8,4,10,35,0.0,1.0,1.0
0.8,4,10,35,-0.5,1.1113232970947498,1.084965443044498
0.8,4,10,35,-1.0,1.2323941181210039,1.1855326201409302
0.8,4,10,35,-2.0,1.5065359277077244,1.424838635699138
0.8,4,10,35,-4.0,2.204423086043723,2.083393045367974
0.8,4,10,35,-6.0,3.1496856357366823,3.0776438999469296
0.8,4,10,36,0.5,0.8977818842738932,0.9592798526988677
0.8,4,10,36,0.0,1.0,1.0
0.8,4,10,36,-0.5,1.1113232970947498,1.0534841522194986
0.8,4,10,36,-1.0,1.2323941181210039,1.1143113663525246
0.8,4,10,36,-2.0,1.5065359277077244,1.269680555563113
0.8,4,10,36,-4.0,2.204423086043723,1.6969665482830794
0.8,4,10,36,-6.0,3.1496856357366823,2.3022948725473453
0.8,4,10,37,0.5,0.8977818842738932,0.9577119768004364
0.8,4,10,37,0.0,1.0,1.0
0.8,4,10,37,-0.5,1.1113232970947498,1.0691196233580633
0.8,4,10,37,-1.0,1.2323941181210039,1.1471277261998436
0.8,4,10,37,-2.0,1.5065359277077244,1.3510165757911077
0.8,4,10,37,-4.0,2.204423086043723,2.0164512045652097
0.8,4,10,37,-6.0,3.1496856357366823,3.0785463432415026
0.8,4,10,38,0.5,0.8977818842738932,0.9576155212340701
0.8,4,10,38,0.0,1.0,1.0
0.8,4,10,38,-0.5,1.1113232970947498,1.087614795407142
0.8,4,10,38,-1.0,1.2323941181210039,1.1848075528719015
0.8,4,10,38,-2.0,1.5065359277077244,1.4146840733883463
0.8,4,10,38,-4.0,2.204423086043723,2.0260696996940104
0.8,4,10,38,-6.0,3.1496856357366823,2.948887015974342
0.8,4,10,39,0.5,0.8977818842738932,0.9517224405901418
0.8,4,10,39,0.0,1.0,1.0
0.8,4,10,39,-0.5,1.1113232970947498,1.086237936872101
0.8,4,10,39,-1.0,1.2323941181210039,1.1847934643977616
0.8,4,10,39,-2.0,1.5065359277077244,1.4148850049296897
0.8,4,10,39,-4.0,2.204423086043723,2.0619065863614865
0.8,4,10,39,-6.0,3.1496856357366823,3.0311250439542223
0.8,4,10,40,0.5,0.8977818842738932,0.9527169461535395
0.8,4,10,40,0.0,1.0,1.0
0.8,4,10,40,-0.5,1.1113232970947498,1.0599466634454102
0.8,4,10,40,-1.0,1.2323941181210039,1.1283657843166541
0.8,4,10,40,-2.0,1.5065359277077244,1.2895139912233988
0.8,4,10,40,-4.0,2.204423086043723,1.7200435351018768
0.8,4,10,40,-6.0,3.1496856357366823,2.3559741800494796
0.8,4,10,41,0.5,0.8977818842738932,0.9506390210776856
0.8,4,10,41,0.0,1.0,1.0
0.8,4,10,41,-0.5,1.1113232970947498,1.1225881969849707
0.8,4,10,41,-1.0,1.2323941181210039,1.2602955936099889
0.8,4,10,41,-2.0,1.5065359277077244,1.605658150074793
0.8,4,10,41,-4.0,2.204423086043723,2.5777975953781103
0.8,4,10,41,-6.0,3.1496856357366823,4.115898742973571
0.8,4,10,42,0.5,0.8977818842738932,0.9611129592179557
0.8,4,10,42,0.0,1.0,1.0
0.8,4,10,42,-0.5,1.1113232970947498,1.052566083140644
0.8,4,10,42,-1.0,1.2323941181210039,1.1145419061094866
0.8,4,10,42,-2.0,1.5065359277077244,1.2712608272090442
0.8,4,10,42,-4.0,2.204423086043723,1.773869014258976
0.8,4,10,42,-6.0,3.1496856357366823,2.6037597332765623
0.8,4,10,43,0.5,0.8977818842738932,0.929984381256512
0.8,4,10,43,0.0,1.0,1.0
0.8,4,10,43,-0.5,1.1113232970947498,1.0915513735888578
0.8,4,10,43,-1.0,1.2323941181210039,1.193784755421356
0.8,4,10,43,-2.0,1.5065359277077244,1.4464200503792197
0.8,4,10,43,-4.0,2.204423086043723,2.2620489883122015
0.8,4,10,43,-6.0,3.1496856357366823,3.7032351974444238
0.8,4,10,44,0.5,0.8977818842738932,0.9631653648729477
0.8,4,10,44,0.0,1.0,1.0
0.8,4,10,44,-0.5,1.1113232970947498,1.050090432102022
0.8,4,10,44,-1.0,1.2323941181210039,1.1024261669255966
0.8,4,10,44,-2.0,1.5065359277077244,1.2188221419896756
0.8,4,10,44,-4.0,2.204423086043723,1.4987270474684595
0.8,4,10,44,-6.0,3.1496856357366823,1.8628725690228005
0.8,4,10,45,0.5,0.8977818842738932,0.9604836771655132
0.8,4,10,45,0.0,1.0,1.0
0.8,4,10,45,-0.5,1.1113232970947498,1.0783026607614346
0.8,4,10,45,-1.0,1.2323941181210039,1.1677475244389428
0.8,4,10,45,-2.0,1.5065359277077244,1.3826063542405844
0.8,4,10,45,-4.0,2.204423086043723,1.9574798456056746
0.8,4,10,45,-6.0,3.1496856357366823,2.7695408725986512
0.8,4,10,46,0.5,0.8977818842738932,0.9625866813436231
0.8,4,10,46,0.0,1.0,1.0
0.8,4,10,46,-0.5,1.1113232970947498,1.0745526651970603
0.8,4,10,46,-1.0,1.2323941181210039,1.159082207617261
0.8,4,10,46,-2.0,1.5065359277077244,1.3536575629049685
0.8,4,10,46,-4.0,2.204423086043723,1.8825861057950515
0.8,4,10,46,-6.0,3.1496856357366823,2.688907751073137
0.8,4,10,47,0.5,0.8977818842738932,0.9576718436476435
0.8,4,10,47,0.0,1.0,1.0
0.8,4,10,47,-0.5,1.1113232970947498,1.0627238115129893
0.8,4,10,47,-1.0,1.2323941181210039,1.1304762771915744
0.8,4,10,47,-2.0,1.5065359277077244,1.2857582961877754
0.8,4,10,47,-4.0,2.204423086043723,1.661313687934136
0.8,4,10,47,-6.0,3.1496856357366823,2.178259703776416
0.8,4,10,48,0.5,0.8977818842738932,0.9617618811988753
0.8,4,10,48,0.0,1.0,1.0
0.8,4,10,48,-0.5,1.1113232970947498,1.0621890181504043
0.8,4,10,48,-1.0,1.2323941181210039,1.1349511044693474
0.8,4,10,48,-2.0,1.5065359277077244,1.2958034577605055
0.8,4,10,48,-4.0,2.204423086043723,1.7386918765613717
0.8,4,10,48,-6.0,3.1496856357366823,2.4286275449413894
0.8,4,10,49,0.5,0.8977818842738932,0.9617505371896548
0.8,4,10,49,0.0,1.0,1.0
0.8,4,10,49,-0.5,1.1113232970947498,1.0704916092905816
0.8,4,10,49,-1.0,1.2323941181210039,1.1448222799095524
0.8,4,10,49,-2.0,1.5065359277077244,1.3256723540008803
0.8,4,10,49,-4.0,2.204423086043723,1.7855716754873692
0.8,4,10,49,-6.0,3.1496856357366823,2.4255718955356635
1.0,4,10,0,0.5,0.8440563052346255,0.9503978257616511
1.0,4,10,0,0.0,1.0,1.0
1.0,4,10,0,-0.5,1.1781835566085712,1.1167348693862686
1.0,4,10,0,-1.0,1.3810978455418155,1.2519245474828293
1.0,4,10,0,-2.0,1.8722418031399823,1.5846761206821725
1.0,4,10,0,-4.0,3.2885291045020613,2.5620765853108463
1.0,4,10,0,-6.0,5.5066774632090025,4.1594642292970665
1.0,4,10,1,0.5,0.8440563052346255,0.9498097945806204
1.0,4,10,1,0.0,1.0,1.0
1.0,4,10,1,-0.5,1.1781835566085712,1.147232391551643
1.0,4,10,1,-1.0,1.3810978455418155,1.3217815731296734
1.0,4,10,1,-2.0,1.8722418031399823,1.7795557087600666
1.0,4,10,1,-4.0,3.2885291045020613,3.221942966705074
1.0,4,10,1,-6.0,5.5066774632090025,5.837855515326046
1.0,4,10,2,0.5,0.8440563052346255,0.9461011188405707
1.0,4,10,2,0.0,1.0,1.0
1.0,4,10,2,-0.5,1.1781835566085712,1.087073400825376
1.0,4,10,2,-1.0,1.3810978455418155,1.1901065197848475
1.0,4,10,2,-2.0,1.8722418031399823,1.4270013156643022
1.0,4,10,2,-4.0,3.2885291045020613,2.0860011423128353
1.0,4,10,2,-6.0,5.5066774632090025,3.0631335137026654
1.0,4,10,3,0.5,0.8440563052346255,0.9293469214906251
1.0,4,10,3,0.0,1.0,1.0
1.0,4,10,3,-0.5,1.1781835566085712,1.1432250013343503
1.0,4,10,3,-1.0,1.3810978455418155,1.3172167175397942
1.0,4,10,3,-2.0,1.8722418031399823,1.7928728165143
1.0,4,10,3,-4.0,3.2885291045020613,3.49684317498172
1.0,4,10,3,-6.0,5.5066774632090025,6.9560921454708655
1.0,4,10,4,0.5,0.8440563052346255,0.9208646299893198
1.0,4,10,4,0.0,1.0,1.0
1.0,4,10,4,-0.5,1.1781835566085712,1.1217504230241961
1.0,4,10,4,-1.0,1.3810978455418155,1.2735770396826804
1.0,4,10,4,-2.0,1.8722418031399823,1.7399492901033284
1.0,4,10,4,-4.0,3.2885291045020613,3.5749870972372326
1.0,4,10,4,-6.0,5.5066774632090025,7.595506422583736
1.0,4,10,5,0.5,0.8440563052346255,0.955637111247709
1.0,4,10,5,0.0,1.0,1.0
1.0,4,10,5,-0.5,1.1781835566085712,1.0788086758485342
1.0,4,10,5,-1.0,1.3810978455418155,1.1622025828600493
1.0,4,10,5,-2.0,1.8722418031399823,1.3688914617117989
1.0,4,10,5,-4.0,3.2885291045020613,1.9003967336003142
1.0,4,10,5,-6.0,5.5066774632090025,2.7347325318764044
1.0,4,10,6,0.5,0.8440563052346255,0.9368830834710679
1.0,4,10,6,0.0,1.0,1.0
1.0,4,10,6,-0.5,1.1781835566085712,1.09984762948236
1.0,4,10,6,-1.0,1.3810978455418155,1.206446059999962
1.0,4,10,6,-2.0,1.8722418031399823,1.4785522728237943
1.0,4,10,6,-4.0,3.2885291045020613,2.2423828867518556
1.0,4,10,6,-6.0,5.5066774632090025,3.457446981841915
1.0,4,10,7,0.5,0.8440563052346255,0.951130770886876
1.0,4,10,7,0.0,1.0,1.0
1.0,4,10,7,-0.5,1.1781835566085712,1.1141659997519042
1.0,4,10,7,-1.0,1.3810978455418155,1.252280772472762
1.0,4,10,7,-2.0,1.8722418031399823,1.5759747874211998
1.0,4,10,7,-4.0,3.2885291045020613,2.4880396425748406
1.0,4,10,7,-6.0,5.5066774632090025,3.965141883203507
1.0,4,10,8,0.5,0.8440563052346255,0.9458520315380679
1.0,4,10,8,0.0,1.0,1.0
1.0,4,10,8,-0.5,1.1781835566085712,1.0828037764786933
1.0,4,10,8,-1.0,1.3810978455418155,1.1792096897643647
1.0,4,10,8,-2.0,1.8722418031399823,1.4108212660894843
1.0,4,10,8,-4.0,3.2885291045020613,2.0864580742367744
1.0,4,10,8,-6.0,5.5066774632090025,3.1737475392802983
1.0,4,10,9,0.5,0.8440563052346255,0.9510995760332476
1.0,4,10,9,0.0,1.0,1.0
1.0,4,10,9,-0.5,1.1781835566085712,1.0820404864322135
1.0,4,10,9,-1.0,1.3810978455418155,1.1735075547035487
1.0,4,10,9,-2.0,1.8722418031399823,1.393116586797923
1.0,4,10,9,-4.0,3.2885291045020613,1.9969811077506556
1.0,4,10,9,-6.0,5.5066774632090025,2.9940749043164328
1.0,4,10,10,0.5,0.8440563052346255,0.9456337695351007
1.0,4,10,10,0.0,1.0,1.0
1.0,4,10,10,-0.5,1.1781835566085712,1.1308484953417002
1.0,4,10,10,-1.0,1.3810978455418155,1.29543589258139
1.0,4,10,10,-2.0,1.8722418031399823,1.7417272256441891
1.0,4,10,10,-4.0,3.2885291045020613,3.4421786810179213
1.0,4,10,10,-6.0,5.5066774632090025,6.934530965798705
1.0,4,10,11,0.5,0.8440563052346255,0.9354380786032448
1.0,4,10,11,0.0,1.0,1.0
1.0,4,10,11,-0.5,1.1781835566085712,1.1053597518327825
1.0,4,10,11,-1.0,1.3810978455418155,1.2799622225739582
1.0,4,10,11,-2.0,1.8722418031399823,1.7359809206028318
1.0,4,10,11,-4.0,3.2885291045020613,3.2340841059947483
1.0,4,10,11,-6.0,5.5066774632090025,5.936159808289975
1.0,4,10,12,0.5,0.8440563052346255,0.953440834072585
1.0,4,10,12,0.0,1.0,1.0
1.0,4,10,12,-0.5,1.1781835566085712,1.0807350011972285
1.0,4,10,12,-1.0,1.3810978455418155,1.1800176087434422
1.0,4,10,12,-2.0,1.8722418031399823,1.4103005044030177
1.0,4,10,12,-4.0,3.2885291045020613,2.062654499006092
1.0,4,10,12,-6.0,5.5066774632090025,3.104168986979608
1.0,4,10,13,0.5,0.8440563052346255,0.9599071893788121
1.0,4,10,13,0.0,1.0,1.0
1.0,4,10,13,-0.5,1.1781835566085712,1.0626902809266334
1.0,4,10,13,-1.0,1.3810978455418155,1.1370418116353325
1.0,4,10,13,-2.0,1.8722418031399823,1.3081520844238288
1.0,4,10,13,-4.0,3.2885291045020613,1.7813497017764406
1.0,4,10,13,-6.0,5.5066774632090025,2.4842643752984883
1.0,4,10,14,0.5,0.8440563052346255,0.956607964323037
1.0,4,10,14,0.0,1.0,1.0
1.0,4,10,14,-0.5,1.1781835566085712,1.1750491515354426
1.0,4,10,14,-1.0,1.3810978455418155,1.385083437867205
1.0,4,10,14,-2.0,1.8722418031399823,1.930560053287596
1.0,4,10,14,-4.0,3.2885291045020613,3.7519159048307236
1.0,4,10,14,-6.0,5.5066774632090025,7.2303045346962005
1.0,4,10,15,0.5,0.8440563052346255,0.9399039993026523
1.0,4,10,15,0.0,1.0,1.0
1.0,4,10,15,-0.5,1.1781835566085712,1.0859755788036718
1.0,4,10,15,-1.0,1.3810978455418155,1.1816223897820686
1.0,4,10,15,-2.0,1.8722418031399823,1.4346916274284787
1.0,4,10,15,-4.0,3.2885291045020613,2.3273628913531588
1.0,4,10,15,-6.0,5.5066774632090025,3.8562500420630133
1.0,4,10,16,0.5,0.8440563052346255,0.9458784975929467
1.0,4,10,16,0.0,1.0,1.0
1.0,4,10,16,-0.5,1.1781835566085712,1.1375506590147058
1.0,4,10,16,-1.0,1.3810978455418155,1.299392557964215
1.0,4,10,16,-2.0,1.8722418031399823,1.7032881912472269
1.0,4,10,16,-4.0,3.2885291045020613,2.9574289963288076
1.0,4,10,16,-6.0,5.5066774632090025,5.087917753079714
1.0,4,10,17,0.5,0.8440563052346255,0.957646064983625
1.0,4,10,17,0.0,1.0,1.0
1.0,4,10,17,-0.5,1.1781835566085712,1.1499008171492855
1.0,4,10,17,-1.0,1.3810978455418155,1.3567530315946563
1.0,4,10,17,-2.0,1.8722418031399823,1.9343460896761808
1.0,4,10,17,-4.0,3.2885291045020613,4.161058591110152
1.0,4,10,17,-6.0,5.5066774632090025,9.006421683629469
1.0,4,10,18,0.5,0.8440563052346255,0.9552559215464848
1.0,4,10,18,0.0,1.0,1.0
1.0,4,10,18,-0.5,1.1781835566085712,1.1003916963334872
1.0,4,10,18,-1.0,1.3810978455418155,1.2168455885092875
1.0,4,10,18,-2.0,1.8722418031399823,1.5075522387752653
1.0,4,10,18,-4.0,3.2885291045020613,2.3816309357551084
1.0,4,10,18,-6.0,5.5066774632090025,3.8114579490106344
1.0,4,10,19,0.5,0.8440563052346255,0.9383942913956121
1.0,4,10,19,0.0,1.0,1.0
1.0,4,10,19,-0.5,1.1781835566085712,1.1216914617775116
1.0,4,10,19,-1.0,1.3810978455418155,1.2645200259988645
1.0,4,10,19,-2.0,1.8722418031399823,1.617536406884255
1.0,4,10,19,-4.0,3.2885291045020613,2.6486576076584223
1.0,4,10,19,-6.0,5.5066774632090025,4.3231707698275805
1.0,4,10,20,0.5,0.8440563052346255,0.9433741287152988
1.0,4,10,20,0.0,1.0,1.0
1.0,4,10,20,-0.5,1.1781835566085712,1.10798717913205
1.0,4,10,20,-1.0,1.3810978455418155,1.2301614173738433
1.0,4,10,20,-2.0,1.8722418031399823,1.5540588136883782
1.0,4,10,20,-4.0,3.2885291045020613,2.6513707856162965
1.0,4,10,20,-6.0,5.5066774632090025,4.635573752514608
1.0,4,10,21,0.5,0.8440563052346255,0.9477567293890587
1.0,4,10,21,0.0,1.0,1.0
1.0,4,10,21,-0.5,1.1781835566085712,1.0915953499823032
1.0,4,10,21,-1.0,1.3810978455418155,1.1970597022636986
1.0,4,10,21,-2.0,1.8722418031399823,1.4547303974703896
1.0,4,10,21,-4.0,3.2885291045020613,2.2942459528523247
1.0,4,10,21,-6.0,5.5066774632090025,3.7986834372944527
1.0,4,10,22,0.5,0.8440563052346255,0.9346733940410529
1.0,4,10,22,0.0,1.0,1.0
1.0,4,10,22,-0.5,1.1781835566085712,1.1105206159157597
1.0,4,10,22,-1.0,1.3810978455418155,1.2385347616234468
1.0,4,10,22,-2.0,1.8722418031399823,1.5659905199259148
1.0,4,10,22,-4.0,3.2885291045020613,2.7356724736957623
1.0,4,10,22,-6.0,5.5066774632090025,5.0061192938060435
1.0,4,10,23,0.5,0.8440563052346255,0.9382674187545491
1.0,4,10,23,0.0,1.0,1.0
1.0,4,10,23,-0.5,1.1781835566085712,1.1310567583707216
1.0,4,10,23,-1.0,1.3810978455418155,1.2828957692307994
1.0,4,10,23,-2.0,1.8722418031399823,1.6490709965855366
1.0,4,10,23,-4.0,3.2885291045020613,2.689509156304077
1.0,4,10,23,-6.0,5.5066774632090025,4.309989417979673
1.0,4,10,24,0.5,0.8440563052346255,0.9569969132105502
1.0,4,10,24,0.0,1.0,1.0
1.0,4,10,24,-0.5,1.1781835566085712,1.0999688133287493
1.0,4,10,24,-1.0,1.3810978455418155,1.2186055391407744
1.0,4,10,24,-2.0,1.8722418031399823,1.4934922902423113
1.0,4,10,24,-4.0,3.2885291045020613,2.2249386942051848
1.0,4,10,24,-6.0,5.5066774632090025,3.3023403643765006
1.0,4,10,25,0.5,0.8440563052346255,0.9372022574218413
1.0,4,10,25,0.0,1.0,1.0
1.0,4,10,25,-0.5,1.1781835566085712,1.0866089853618222
1.0,4,10,25,-1.0,1.3810978455418155,1.187977053563194
1.0,4,10,25,-2.0,1.8722418031399823,1.4335109209225632
1.0,4,10,25,-4.0,3.2885291045020613,2.2654433294683636
1.0,4,10,25,-6.0,5.5066774632090025,3.6919092999841494
1.0,4,10,26,0.5,0.8440563052346255,0.9496566438525749
1.0,4,10,26,0.0,1.0,1.0
1.0,4,10,26,-0.5,1.1781835566085712,1.1084789258719256
1.0,4,10,26,-1.0,1.3810978455418155,1.239345692061669
1.0,4,10,26,-2.0,1.8722418031399823,1.5666534531572898
1.0,4,10,26,-4.0,3.2885291045020613,2.744863513934833
1.0,4,10,26,-6.0,5.5066774632090025,5.34180734038923
1.0,4,10,27,0.5,0.8440563052346255,0.9339412144147591
1.0,4,10,27,0.0,1.0,1.0
1.0,4,10,27,-0.5,1.1781835566085712,1.115657885977467
1.0,4,10,27,-1.0,1.3810978455418155,1.2542212275381208
1.0,4,10,27,-2.0,1.8722418031399823,1.6060089292050606
1.0,4,10,27,-4.0,3.2885291045020613,2.7541893822041974
1.0,4,10,27,-6.0,5.5066774632090025,4.840595164643179
1.0,4,10,28,0.5,0.8440563052346255,0.9318326075186747
1.0,4,10,28,0.0,1.0,1.0
1.0,4,10,28,-0.5,1.1781835566085712,1.0808556567557732
1.0,4,10,28,-1.0,1.3810978455418155,1.1809374029903732
1.0,4,10,28,-2.0,1.8722418031399823,1.4023135860832119
1.0,4,10,28,-4.0,3.2885291045020613,2.1619599909762557
1.0,4,10,28,-6.0,5.5066774632090025,3.372038066315834
1.0,4,10,29,0.5,0.8440563052346255,0.9495827332926845
1.0,4,10,29,0.0,1.0,1.0
1.0,4,10,29,-0.5,1.1781835566085712,1.0821123668034547
1.0,4,10,29,-1.0,1.3810978455418155,1.1759432140906718
1.0,4,10,29,-2.0,1.8722418031399823,1.3982107799657164
1.0,4,10,29,-4.0,3.2885291045020613,2.035123896205202
1.0,4,10,29,-6.0,5.5066774632090025,3.115981483798026
1.0,4,10,30,0.5,0.8440563052346255,0.9369522859703103
1.0,4,10,30,0.0,1.0,1.0
1.0,4,10,30,-0.5,1.1781835566085712,1.0843126531610117
1.0,4,10,30,-1.0,1.3810978455418155,1.1757484073551905
1.0,4,10,30,-2.0,1.8722418031399823,1.3961348056883598
1.0,4,10,30,-4.0,3.2885291045020613,2.0971512265588874
1.0,4,10,30,-6.0,5.5066774632090025,3.403239842141205
1.0,4,10,31,0.5,0.8440563052346255,0.945123076800244
1.0,4,10,31,0.0,1.0,1.0
1.0,4,10,31,-0.5,1.1781835566085712,1.0823106140037806
1.0,4,10,31,-1.0,1.3810978455418155,1.1835920090752434
1.0,4,10,31,-2.0,1.8722418031399823,1.4142797584573903
1.0,4,10,31,-4.0,3.2885291045020613,2.13905833537639
1.0,4,10,31,-6.0,5.5066774632090025,3.593643039680882
1.0,4,10,32,0.5,0.8440563052346255,0.9526099677141353
1.0,4,10,32,0.0,1.0,1.0
1.0,4,10,32,-0.5,1.1781835566085712,1.0929945917569495
1.0,4,10,32,-1.0,1.3810978455418155,1.2045926626197414
1.0,4,10,32,-2.0,1.8722418031399823,1.4827191138527651
1.0,4,10,32,-4.0,3.2885291045020613,2.2940114352365275
1.0,4,10,32,-6.0,5.5066774632090025,3.570251774260364
1.0,4,10,33,0.5,0.8440563052346255,0.9453439436892991
1.0,4,10,33,0.0,1.0,1.0
1.0,4,10,33,-0.5,1.1781835566085712,1.1350158705642366
1.0,4,10,33,-1.0,1.3810978455418155,1.2937822557442717
1.0,4,10,33,-2.0,1.8722418031399823,1.6868852528950262
1.0,4,10,33,-4.0,3.2885291045020613,2.850310413776338
1.0,4,10,33,-6.0,5.5066774632090025,4.79394260166896
1.0,4,10,34,0.5,0.8440563052346255,0.9412206487140201
1.0,4,10,34,0.0,1.0,1.0
1.0,4,10,34,-0.5,1.1781835566085712,1.1225811017976777
1.0,4,10,34,-1.0,1.3810978455418155,1.2643543325417572
1.0,4,10,34,-2.0,1.8722418031399823,1.6123621958238608
1.0,4,10,34,-4.0,3.2885291045020613,2.6343487118325575
1.0,4,10,34,-6.0,5.5066774632090025,4.260061890890093
1.0,4,10,35,0.5,0.8440563052346255,0.9489583693917872
1.0,4,10,35,0.0,1.0,1.0
1.0,4,10,35,-0.5,1.1781835566085712,1.1409298352772377
1.0,4,10,35,-1.0,1.3810978455418155,1.3146781908932366
1.0,4,10,35,-2.0,1.8722418031399823,1.763691620920505
1.0,4,10,35,-4.0,3.2885291045020613,3.238282458186793
1.0,4,10,35,-6.0,5.5066774632090025,5.974800668645384
1.0,4,10,36,0.5,0.8440563052346255,0.9512256892167096
1.0,4,10,36,0.0,1.0,1.0
1.0,4,10,36,-0.5,1.1781835566085712,1.0847231018160561
1.0,4,10,36,-1.0,1.3810978455418155,1.1953856203949893
1.0,4,10,36,-2.0,1.8722418031399823,1.4956400505150171
1.0,4,10,36,-4.0,3.2885291045020613,2.3925064308093886
1.0,4,10,36,-6.0,5.5066774632090025,3.873547999630567
1.0,4,10,37,0.5,0.8440563052346255,0.9407224640765115
1.0,4,10,37,0.0,1.0,1.0
1.0,4,10,37,-0.5,1.1781835566085712,1.112180237997154
1.0,4,10,37,-1.0,1.3810978455418155,1.2452781615026292
1.0,4,10,37,-2.0,1.8722418031399823,1.684891824517006
1.0,4,10,37,-4.0,3.2885291045020613,3.2417419668351988
1.0,4,10,37,-6.0,5.5066774632090025,6.283527710062252
1.0,4,10,38,0.5,0.8440563052346255,0.9398909151194432
1.0,4,10,38,0.0,1.0,1.0
1.0,4,10,38,-0.5,1.1781835566085712,1.14205450382688
1.0,4,10,38,-1.0,1.3810978455418155,1.30910667052079
1.0,4,10,38,-2.0,1.8722418031399823,1.7373381107623764
1.0,4,10,38,-4.0,3.2885291045020613,3.0749022261817776
1.0,4,10,38,-6.0,5.5066774632090025,5.536524478295716
1.0,4,10,39,0.5,0.8440563052346255,0.9514166299862094
1.0,4,10,39,0.0,1.0,1.0
1.0,4,10,39,-0.5,1.1781835566085712,1.1405408438655316
1.0,4,10,39,-1.0,1.3810978455418155,1.3059611581877495
1.0,4,10,39,-2.0,1.8722418031399823,1.7465978518457912
1.0,4,10,39,-4.0,3.2885291045020613,3.153330961174805
1.0,4,10,39,-6.0,5.5066774632090025,5.807457399281134
1.0,4,10,40,0.5,0.8440563052346255,0.9503518216766486
1.0,4,10,40,0.0,1.0,1.0
1.0,4,10,40,-0.5,1.1781835566085712,1.0974069247549687
1.0,4,10,40,-1.0,1.3810978455418155,1.2140370320436256
1.0,4,10,40,-2.0,1.8722418031399823,1.5134052919958196
1.0,4,10,40,-4.0,3.2885291045020613,2.454467731521818
1.0,4,10,40,-6.0,5.5066774632090025,4.034851561429997
1.0,4,10,41,0.5,0.8440563052346255,0.931389543651747
1.0,4,10,41,0.0,1.0,1.0
1.0,4,10,41,-0.5,1.1781835566085712,1.1978397590922272
1.0,4,10,41,-1.0,1.3810978455418155,1.445111307019736
1.0,4,10,41,-2.0,1.8722418031399823,2.09923101371424
1.0,4,10,41,-4.0,3.2885291045020613,4.392124346504867
1.0,4,10,41,-6.0,5.5066774632090025,8.929339917215934
1.0,4,10,42,0.5,0.8440563052346255,0.9316059641423665
1.0,4,10,42,0.0,1.0,1.0
1.0,4,10,42,-0.5,1.1781835566085712,1.086291692640645
1.0,4,10,42,-1.0,1.3810978455418155,1.1957761795154305
1.0,4,10,42,-2.0,1.8722418031399823,1.518102936464962
1.0,4,10,42,-4.0,3.2885291045020613,2.7390272419475896
1.0,4,10,42,-6.0,5.5066774632090025,5.1991652453729875
1.0,4,10,43,0.5,0.8440563052346255,0.9019537386620903
1.0,4,10,43,0.0,1.0,1.0
1.0,4,10,43,-0.5,1.1781835566085712,1.1500831372236273
1.0,4,10,43,-1.0,1.3810978455418155,1.3323964246150954
1.0,4,10,43,-2.0,1.8722418031399823,1.8550409677570183
1.0,4,10,43,-4.0,3.2885291045020613,3.9400626371535044
1.0,4,10,43,-6.0,5.5066774632090025,8.493663195156937
1.0,4,10,44,0.5,0.8440563052346255,0.9531737415198492
1.0,4,10,44,0.0,1.0,1.0
1.0,4,10,44,-0.5,1.1781835566085712,1.0791712952978925
1.0,4,10,44,-1.0,1.3810978455418155,1.1661644433491583
1.0,4,10,44,-2.0,1.8722418031399823,1.3685040431482343
1.0,4,10,44,-4.0,3.2885291045020613,1.9168020399148074
1.0,4,10,44,-6.0,5.5066774632090025,2.779124509699325
1.0,4,10,45,0.5,0.8440563052346255,0.9419668009795188
1.0,4,10,45,0.0,1.0,1.0
1.0,4,10,45,-0.5,1.1781835566085712,1.127447194020843
1.0,4,10,45,-1.0,1.3810978455418155,1.2854528741301638
1.0,4,10,45,-2.0,1.8722418031399823,1.6799998636320335
1.0,4,10,45,-4.0,3.2885291045020613,2.907982914468027
1.0,4,10,45,-6.0,5.5066774632090025,4.9450117274257925
1.0,4,10,46,0.5,0.8440563052346255,0.9377709215698897
1.0,4,10,46,0.0,1.0,1.0
1.0,4,10,46,-0.5,1.1781835566085712,1.1179701186281303
1.0,4,10,46,-1.0,1.3810978455418155,1.2626286864453262
1.0,4,10,46,-2.0,1.8722418031399823,1.6190443858271908
1.0,4,10,46,-4.0,3.2885291045020613,2.817134700955325
1.0,4,10,46,-6.0,5.5066774632090025,5.110854590157888
1.0,4,10,47,0.5,0.8440563052346255,0.9516437889699534
1.0,4,10,47,0.0,1.0,1.0
1.0,4,10,47,-0.5,1.1781835566085712,1.1016840262228118
1.0,4,10,47,-1.0,1.3810978455418155,1.2153283713608711
1.0,4,10,47,-2.0,1.8722418031399823,1.4869757208070213
1.0,4,10,47,-4.0,3.2885291045020613,2.249304732857986
1.0,4,10,47,-6.0,5.5066774632090025,3.7714244361189513
1.0,4,10,48,0.5,0.8440563052346255,0.9207083895946161
1.0,4,10,48,0.0,1.0,1.0
1.0,4,10,48,-0.5,1.1781835566085712,1.1036994615508893
1.0,4,10,48,-1.0,1.3810978455418155,1.2185316980589118
1.0,4,10,48,-2.0,1.8722418031399823,1.521012452618369
1.0,4,10,48,-4.0,3.2885291045020613,2.563820887099295
1.0,4,10,48,-6.0,5.5066774632090025,4.645749880504223
1.0,4,10,49,0.5,0.8440563052346255,0.9510054938727851
1.0,4,10,49,0.0,1.0,1.0
1.0,4,10,49,-0.5,1.1781835566085712,1.1116921353091662
1.0,4,10,49,-1.0,1.3810978455418155,1.2442720901683375
1.0,4,10,49,-2.0,1.8722418031399823,1.5640983422892547
1.0,4,10,49,-4.0,3.2885291045020613,2.525576413322689
1.0,4,10,49,-6.0,5.5066774632090025,4.195824002493791
1.2,4,10,0,0.5,0.7818921886213052,0.9314198681155986
1.2,4,10,0,0.0,1.0,1.0
1.2,4,10,0,-0.5,1.264263672078163,1.172105907674566
1.2,4,10,0,-1.0,1.582273321863023,1.3912086762484468
1.2,4,10,0,-2.0,2.415084767504488,1.9582423081834468
1.2,4,10,0,-4.0,5.1874412875774265,3.951944157241203
1.2,4,10,0,-6.0,10.282816224407696,7.899561563434771
1.2,4,10,1,0.5,0.7818921886213052,0.9314713749784975
1.2,4,10,1,0.0,1.0,1.0
1.2,4,10,1,-0.5,1.264263672078163,1.2201744333716962
1.2,4,10,1,-1.0,1.582273321863023,1.506147139807941
1.2,4,10,1,-2.0,2.415084767504488,2.302274929345892
1.2,4,10,1,-4.0,5.1874412875774265,5.4473161931539265
1.2,4,10,1,-6.0,10.282816224407696,12.6014700815223
1.2,4,10,2,0.5,0.7818921886213052,0.9423991659645297
1.2,4,10,2,0.0,1.0,1.0
1.2,4,10,2,-0.5,1.264263672078163,1.1264074119712477
1.2,4,10,2,-1.0,1.582273321863023,1.2847580027864902
1.2,4,10,2,-2.0,2.415084767504488,1.6881994024017712
1.2,4,10,2,-4.0,5.1874412875774265,2.9293859648047356
1.2,4,10,2,-6.0,10.282816224407696,5.100841114226184
1.2,4,10,3,0.5,0.7818921886213052,0.9054745363336524
1.2,4,10,3,0.0,1.0,1.0
1.2,4,10,3,-0.5,1.264263672078163,1.2127564406969955
1.2,4,10,3,-1.0,1.582273321863023,1.5043435851655056
1.2,4,10,3,-2.0,2.415084767504488,2.4058494773274166
1.2,4,10,3,-4.0,5.1874412875774265,6.410901378434824
1.2,4,10,3,-6.0,10.282816224407696,16.91644513595859
1.2,4,10,4,0.5,0.7818921886213052,0.9024797373054567
1.2,4,10,4,0.0,1.0,1.0
1.2,4,10,4,-0.5,1.264263672078163,1.1850993271409822
1.2,4,10,4,-1.0,1.582273321863023,1.4506134868782214
1.2,4,10,4,-2.0,2.415084767504488,2.3802167002034924
1.2,4,10,4,-4.0,5.1874412875774265,6.919517629825433
1.2,4,10,4,-6.0,10.282816224407696,20.52361477492497
1.2,4,10,5,0.5,0.7818921886213052,0.9387296853745396
1.2,4,10,5,0.0,1.0,1.0
1.2,4,10,5,-0.5,1.264263672078163,1.1129889243405557
1.2,4,10,5,-1.0,1.582273321863023,1.2485746649032998
1.2,4,10,5,-2.0,2.415084767504488,1.577910600444707
1.2,4,10,5,-4.0,5.1874412875774265,2.616541154239432
1.2,4,10,5,-6.0,10.282816224407696,4.441151380839319
1.2,4,10,6,0.5,0.7818921886213052,0.9072997968044618
1.2,4,10,6,0.0,1.0,1.0
1.2,4,10,6,-0.5,1.264263672078163,1.144387331571702
1.2,4,10,6,-1.0,1.582273321863023,1.3204736404894788
1.2,4,10,6,-2.0,2.415084767504488,1.772030600629202
1.2,4,10,6,-4.0,5.1874412875774265,3.2741657859086857
1.2,4,10,6,-6.0,10.282816224407696,6.154452048266492
1.2,4,10,7,0.5,0.7818921886213052,0.9327731050510933
1.2,4,10,7,0.0,1.0,1.0
1.2,4,10,7,-0.5,1.264263672078163,1.1715077635057358
1.2,4,10,7,-1.0,1.582273321863023,1.3841926291755853
1.2,4,10,7,-2.0,2.415084767504488,1.9302873832908154
1.2,4,10,7,-4.0,5.1874412875774265,3.7588752646517336
1.2,4,10,7,-6.0,10.282816224407696,7.11604467031588
1.2,4,10,8,0.5,0.7818921886213052,0.9118483753894903
1.2,4,10,8,0.0,1.0,1.0
1.2,4,10,8,-0.5,1.264263672078163,1.1232414212982589
1.2,4,10,8,-1.0,1.582273321863023,1.2730021328531431
1.2,4,10,8,-2.0,2.415084767504488,1.6712072002319955
1.2,4,10,8,-4.0,5.1874412875774265,3.0142176415680115
1.2,4,10,8,-6.0,10.282816224407696,5.481556823933275
1.2,4,10,9,0.5,0.7818921886213052,0.9286516780183179
1.2,4,10,9,0.0,1.0,1.0
1.2,4,10,9,-0.5,1.264263672078163,1.1189040427561234
1.2,4,10,9,-1.0,1.582273321863023,1.2670837462099056
1.2,4,10,9,-2.0,2.415084767504488,1.62746029242106
1.2,4,10,9,-4.0,5.1874412875774265,2.843528505104919
1.2,4,10,9,-6.0,10.282816224407696,5.370765111697806
1.2,4,10,10,0.5,0.7818921886213052,0.9253372701861765
1.2,4,10,10,0.0,1.0,1.0
1.2,4,10,10,-0.5,1.264263672078163,1.2003190138774507
1.2,4,10,10,-1.0,1.582273321863023,1.4707697416726027
1.2,4,10,10,-2.0,2.415084767504488,2.329355754039611
1.2,4,10,10,-4.0,5.1874412875774265,6.3907773134591865
1.2,4,10,10,-6.0,10.282816224407696,17.37548521560947
1.2,4,10,11,0.5,0.7818921886213052,0.9227325714546545
1.2,4,10,11,0.0,1.0,1.0
1.2,4,10,11,-0.5,1.264263672078163,1.179259890251709
1.2,4,10,11,-1.0,1.582273321863023,1.4658365157053082
1.2,4,10,11,-2.0,2.415084767504488,2.2872793981227204
1.2,4,10,11,-4.0,5.1874412875774265,5.498645629921017
1.2,4,10,11,-6.0,10.282816224407696,12.794409310797985
1.2,4,10,12,0.5,0.7818921886213052,0.9338174500242907
1.2,4,10,12,0.0,1.0,1.0
1.2,4,10,12,-0.5,1.264263672078163,1.123566001227085
1.2,4,10,12,-1.0,1.582273321863023,1.2703896608944327
1.2,4,10,12,-2.0,2.415084767504488,1.6613858411922582
1.2,4,10,12,-4.0,5.1874412875774265,2.962013314592788
1.2,4,10,12,-6.0,10.282816224407696,5.336462700090881
1.2,4,10,13,0.5,0.7818921886213052,0.9426175827771629
1.2,4,10,13,0.0,1.0,1.0
1.2,4,10,13,-0.5,1.264263672078163,1.0944087779955634
1.2,4,10,13,-1.0,1.582273321863023,1.209262857112158
1.2,4,10,13,-2.0,2.415084767504488,1.4902792894609693
1.2,4,10,13,-4.0,5.1874412875774265,2.383866345340767
1.2,4,10,13,-6.0,10.282816224407696,4.212087214213376
1.2,4,10,14,0.5,0.7818921886213052,0.939862183413321
1.2,4,10,14,0.0,1.0,1.0
1.2,4,10,14,-0.5,1.264263672078163,1.2604846580921256
1.2,4,10,14,-1.0,1.582273321863023,1.6006506617571798
1.2,4,10,14,-2.0,2.415084767504488,2.5867941468133924
1.2,4,10,14,-4.0,5.1874412875774265,6.664309788645713
1.2,4,10,14,-6.0,10.282816224407696,16.273810437582874
1.2,4,10,15,0.5,0.7818921886213052,0.9173840479204842
1.2,4,10,15,0.0,1.0,1.0
1.2,4,10,15,-0.5,1.264263672078163,1.127889900640306
1.2,4,10,15,-1.0,1.582273321863023,1.286265360058204
1.2,4,10,15,-2.0,2.415084767504488,1.7542660032021453
1.2,4,10,15,-4.0,5.1874412875774265,3.625638739907458
1.2,4,10,15,-6.0,10.282816224407696,7.282208601549663
1.2,4,10,16,0.5,0.7818921886213052,0.9290086113493601
1.2,4,10,16,0.0,1.0,1.0
1.2,4,10,16,-0.5,1.264263672078163,1.2057155838725802
1.2,4,10,16,-1.0,1.582273321863023,1.4572044294687874
1.2,4,10,16,-2.0,2.415084767504488,2.1771509857370215
1.2,4,10,16,-4.0,5.1874412875774265,4.775020594433045
1.2,4,10,16,-6.0,10.282816224407696,10.14562469266746
1.2,4,10,17,0.5,0.7818921886213052,0.9432474383338613
1.2,4,10,17,0.0,1.0,1.0
1.2,4,10,17,-0.5,1.264263672078163,1.2348974100496615
1.2,4,10,17,-1.0,1.582273321863023,1.5815536868663589
1.2,4,10,17,-2.0,2.415084767504488,2.693160057247095
1.2,4,10,17,-4.0,5.1874412875774265,8.272705263238818
1.2,4,10,17,-6.0,10.282816224407696,25.164418698644575
1.2,4,10,18,0.5,0.7818921886213052,0.9384382224219097
1.2,4,10,18,0.0,1.0,1.0
1.2,4,10,18,-0.5,1.264263672078163,1.1492526096291986
1.2,4,10,18,-1.0,1.582273321863023,1.3340959383299986
1.2,4,10,18,-2.0,2.415084767504488,1.8429760980573477
1.2,4,10,18,-4.0,5.1874412875774265,3.6132875750282003
1.2,4,10,18,-6.0,10.282816224407696,7.082919953170811
1.2,4,10,19,0.5,0.7818921886213052,0.9174667002281779
1.2,4,10,19,0.0,1.0,1.0
1.2,4,10,19,-0.5,1.264263672078163,1.1831292458644904
1.2,4,10,19,-1.0,1.582273321863023,1.4087334386272994
1.2,4,10,19,-2.0,2.415084767504488,2.0142111899642714
1.2,4,10,19,-4.0,5.1874412875774265,4.090685168956785
1.2,4,10,19,-6.0,10.282816224407696,8.010871449243957
1.2,4,10,20,0.5,0.7818921886213052,0.924107200390945
1.2,4,10,20,0.0,1.0,1.0
1.2,4,10,20,-0.5,1.264263672078163,1.16037421212671
1.2,4,10,20,-1.0,1.582273321863023,1.3574225395380197
1.2,4,10,20,-2.0,2.415084767504488,1.9564567443245853
1.2,4,10,20,-4.0,5.1874412875774265,4.319179440996325
1.2,4,10,20,-6.0,10.282816224407696,9.87464933497042
1.2,4,10,21,0.5,0.7818921886213052,0.9310105208467341
1.2,4,10,21,0.0,1.0,1.0
1.2,4,10,21,-0.5,1.264263672078163,1.133003460111225
1.2,4,10,21,-1.0,1.582273321863023,1.3015000259906078
1.2,4,10,21,-2.0,2.415084767504488,1.7563923752409527
1.2,4,10,21,-4.0,5.1874412875774265,3.5665736083432065
1.2,4,10,21,-6.0,10.282816224407696,7.358883141415034
1.2,4,10,22,0.5,0.7818921886213052,0.9185633521961443
1.2,4,10,22,0.0,1.0,1.0
1.2,4,10,22,-0.5,1.264263672078163,1.1634324694858174
1.2,4,10,22,-1.0,1.582273321863023,1.370878304056792
1.2,4,10,22,-2.0,2.415084767504488,1.9783231463697846
1.2,4,10,22,-4.0,5.1874412875774265,4.662990838313227
1.2,4,10,22,-6.0,10.282816224407696,10.921537864484037
1.2,4,10,23,0.5,0.7818921886213052,0.9148590156841601
1.2,4,10,23,0.0,1.0,1.0
1.2,4,10,23,-0.5,1.264263672078163,1.1951402807555846
1.2,4,10,23,-1.0,1.582273321863023,1.4334428893465834
1.2,4,10,23,-2.0,2.415084767504488,2.0497176907414745
1.2,4,10,23,-4.0,5.1874412875774265,4.091436579215685
1.2,4,10,23,-6.0,10.282816224407696,7.855491058497049
1.2,4,10,24,0.5,0.7818921886213052,0.9415678118035208
1.2,4,10,24,0.0,1.0,1.0
1.2,4,10,24,-0.5,1.264263672078163,1.1507148999778114
1.2,4,10,24,-1.0,1.582273321863023,1.3328790959098147
1.2,4,10,24,-2.0,2.415084767504488,1.776300405512674
1.2,4,10,24,-4.0,5.1874412875774265,3.1320478081609604
1.2,4,10,24,-6.0,10.282816224407696,5.460195138208412
1.2,4,10,25,0.5,0.7818921886213052,0.9164538674293632
1.2,4,10,25,0.0,1.0,1.0
1.2,4,10,25,-0.5,1.264263672078163,1.131226027547822
1.2,4,10,25,-1.0,1.582273321863023,1.2896643438874764
1.2,4,10,25,-2.0,2.415084767504488,1.7380928484709124
1.2,4,10,25,-4.0,5.1874412875774265,3.467023446582381
1.2,4,10,25,-6.0,10.282816224407696,7.04025075298842
1.2,4,10,26,0.5,0.7818921886213052,0.9307566699061787
1.2,4,10,26,0.0,1.0,1.0
1.2,4,10,26,-0.5,1.264263672078163,1.1622495441835
1.2,4,10,26,-1.0,1.582273321863023,1.3698975244930114
1.2,4,10,26,-2.0,2.415084767504488,1.9751016919993554
1.2,4,10,26,-4.0,5.1874412875774265,4.921372005449676
1.2,4,10,26,-6.0,10.282816224407696,13.134439749135892
1.2,4,10,27,0.5,0.7818921886213052,0.8935845333322069
1.2,4,10,27,0.0,1.0,1.0
1.2,4,10,27,-0.5,1.264263672078163,1.1706437746515224
1.2,4,10,27,-1.0,1.582273321863023,1.3971037934730528
1.2,4,10,27,-2.0,2.415084767504488,2.0241835505825776
1.2,4,10,27,-4.0,5.1874412875774265,4.535626999121966
1.2,4,10,27,-6.0,10.282816224407696,10.406245300954284
1.2,4,10,28,0.5,0.7818921886213052,0.9275190388266782
1.2,4,10,28,0.0,1.0,1.0
1.2,4,10,28,-0.5,1.264263672078163,1.1261344913815912
1.2,4,10,28,-1.0,1.582273321863023,1.2769318247052521
1.2,4,10,28,-2.0,2.415084767504488,1.6868025241400484
1.2,4,10,28,-4.0,5.1874412875774265,3.208271702991139
1.2,4,10,28,-6.0,10.282816224407696,6.074206807037707
1.2,4,10,29,0.5,0.7818921886213052,0.9284198764056018
1.2,4,10,29,0.0,1.0,1.0
1.2,4,10,29,-0.5,1.264263672078163,1.1205583218124804
1.2,4,10,29,-1.0,1.582273321863023,1.2703143183513683
1.2,4,10,29,-2.0,2.415084767504488,1.6412806583508028
1.2,4,10,29,-4.0,5.1874412875774265,2.936470665128588
1.2,4,10,29,-6.0,10.282816224407696,5.662926085686218
1.2,4,10,30,0.5,0.7818921886213052,0.9104457585396567
1.2,4,10,30,0.0,1.0,1.0
1.2,4,10,30,-0.5,1.264263672078163,1.124716332381534
1.2,4,10,30,-1.0,1.582273321863023,1.2694612681919768
1.2,4,10,30,-2.0,2.415084767504488,1.641039404087558
1.2,4,10,30,-4.0,5.1874412875774265,3.2045964209476736
1.2,4,10,30,-6.0,10.282816224407696,6.57406198427216
1.2,4,10,31,0.5,0.7818921886213052,0.9219535531344152
1.2,4,10,31,0.0,1.0,1.0
1.2,4,10,31,-0.5,1.264263672078163,1.1307101647401296
1.2,4,10,31,-1.0,1.582273321863023,1.280583905118374
1.2,4,10,31,-2.0,2.415084767504488,1.6706704697941208
1.2,4,10,31,-4.0,5.1874412875774265,3.384344475514517
1.2,4,10,31,-6.0,10.282816224407696,7.085874035431412
1.2,4,10,32,0.5,0.7818921886213052,0.937475257373183
1.2,4,10,32,0.0,1.0,1.0
1.2,4,10,32,-0.5,1.264263672078163,1.1422345090501418
1.2,4,10,32,-1.0,1.582273321863023,1.3196268652506977
1.2,4,10,32,-2.0,2.415084767504488,1.7962406165749765
1.2,4,10,32,-4.0,5.1874412875774265,3.392541079971597
1.2,4,10,32,-6.0,10.282816224407696,6.390472842893907
1.2,4,10,33,0.5,0.7818921886213052,0.9287029611031837
1.2,4,10,33,0.0,1.0,1.0
1.2,4,10,33,-0.5,1.264263672078163,1.2030808047355894
1.2,4,10,33,-1.0,1.582273321863023,1.448246158030703
1.2,4,10,33,-2.0,2.415084767504488,2.132985379038931
1.2,4,10,33,-4.0,5.1874412875774265,4.522061264282755
1.2,4,10,33,-6.0,10.282816224407696,9.303835195630311
1.2,4,10,34,0.5,0.7818921886213052,0.9190749820758568
1.2,4,10,34,0.0,1.0,1.0
1.2,4,10,34,-0.5,1.264263672078163,1.183320866185435
1.2,4,10,34,-1.0,1.582273321863023,1.4061515903521407
1.2,4,10,34,-2.0,2.415084767504488,1.999505507051611
1.2,4,10,34,-4.0,5.1874412875774265,4.030912459972671
1.2,4,10,34,-6.0,10.282816224407696,7.864415410810541
1.2,4,10,35,0.5,0.7818921886213052,0.9310775486161524
1.2,4,10,35,0.0,1.0,1.0
1.2,4,10,35,-0.5,1.264263672078163,1.2038483992522824
1.2,4,10,35,-1.0,1.582273321863023,1.4946552539631084
1.2,4,10,35,-2.0,2.415084767504488,2.3009083207711196
1.2,4,10,35,-4.0,5.1874412875774265,5.534688823764077
1.2,4,10,35,-6.0,10.282816224407696,13.188971225102676
1.2,4,10,36,0.5,0.7818921886213052,0.935633917809981
1.2,4,10,36,0.0,1.0,1.0
1.2,4,10,36,-0.5,1.264263672078163,1.133000979200459
1.2,4,10,36,-1.0,1.582273321863023,1.3171055445286513
1.2,4,10,36,-2.0,2.415084767504488,1.826940232309971
1.2,4,10,36,-4.0,5.1874412875774265,3.6609143861125784
1.2,4,10,36,-6.0,10.282816224407696,7.317241148828511
1.2,4,10,37,0.5,0.7818921886213052,0.9198858480468711
1.2,4,10,37,0.0,1.0,1.0
1.2,4,10,37,-0.5,1.264263672078163,1.1685089079111406
1.2,4,10,37,-1.0,1.582273321863023,1.4165342842683935
1.2,4,10,37,-2.0,2.415084767504488,2.2398067117245057
1.2,4,10,37,-4.0,5.1874412875774265,5.965224693319817
1.2,4,10,37,-6.0,10.282816224407696,16.184373526726215
1.2,4,10,38,0.5,0.7818921886213052,0.9213953017132854
1.2,4,10,38,0.0,1.0,1.0
1.2,4,10,38,-0.5,1.264263672078163,1.212139027243366
1.2,4,10,38,-1.0,1.582273321863023,1.4775886872755337
1.2,4,10,38,-2.0,2.415084767504488,2.2327700072024874
1.2,4,10,38,-4.0,5.1874412875774265,5.176583385487734
1.2,4,10,38,-6.0,10.282816224407696,11.863985089956465
1.2,4,10,39,0.5,0.7818921886213052,0.9354388342116091
1.2,4,10,39,0.0,1.0,1.0
1.2,4,10,39,-0.5,1.264263672078163,1.2079768473879993
1.2,4,10,39,-1.0,1.582273321863023,1.4803893580825542
1.2,4,10,39,-2.0,2.415084767504488,2.260067368090348
1.2,4,10,39,-4.0,5.1874412875774265,5.42293601345288
1.2,4,10,39,-6.0,10.282816224407696,12.81145752130191
1.2,4,10,40,0.5,0.7818921886213052,0.9330266882230174
1.2,4,10,40,0.0,1.0,1.0
1.2,4,10,40,-0.5,1.264263672078163,1.1443843209614677
1.2,4,10,40,-1.0,1.582273321863023,1.334369079875532
1.2,4,10,40,-2.0,2.415084767504488,1.8628059206541006
1.2,4,10,40,-4.0,5.1874412875774265,3.817757620004542
1.2,4,10,40,-6.0,10.282816224407696,7.833143789301722
1.2,4,10,41,0.5,0.7818921886213052,0.9114357819044926
1.2,4,10,41,0.0,1.0,1.0
1.2,4,10,41,-0.5,1.264263672078163,1.301245829045425
1.2,4,10,41,-1.0,1.582273321863023,1.7045886421420917
1.2,4,10,41,-2.0,2.415084767504488,2.9214503499679623
1.2,4,10,41,-4.0,5.1874412875774265,8.236217470203135
1.2,4,10,41,-6.0,10.282816224407696,21.40514113898711
1.2,4,10,42,0.5,0.7818921886213052,0.9167159324457577
1.2,4,10,42,0.0,1.0,1.0
1.2,4,10,42,-0.5,1.264263672078163,1.1286764387646246
1.2,4,10,42,-1.0,1.582273321863023,1.319147207439089
1.2,4,10,42,-2.0,2.415084767504488,1.942519412998294
1.2,4,10,42,-4.0,5.1874412875774265,4.799113910094656
1.2,4,10,42,-6.0,10.282816224407696,12.211584159667058
1.2,4,10,43,0.5,0.7818921886213052,0.8775835548352469
1.2,4,10,43,0.0,1.0,1.0
1.2,4,10,43,-0.5,1.264263672078163,1.2202298803825165
1.2,4,10,43,-1.0,1.582273321863023,1.535293790628908
1.2,4,10,43,-2.0,2.415084767504488,2.577948674576301
1.2,4,10,43,-4.0,5.1874412875774265,7.771644135523007
1.2,4,10,43,-6.0,10.282816224407696,22.767501505489086
1.2,4,10,44,0.5,0.7818921886213052,0.9211795658659748
1.2,4,10,44,0.0,1.0,1.0
1.2,4,10,44,-0.5,1.264263672078163,1.1175676207224134
1.2,4,10,44,-1.0,1.582273321863023,1.251812845939815
1.2,4,10,44,-2.0,2.415084767504488,1.5780194810204102
1.2,4,10,44,-4.0,5.1874412875774265,2.6582349383713972
1.2,4,10,44,-6.0,10.282816224407696,4.505347657820843
1.2,4,10,45,0.5,0.7818921886213052,0.9268498908257067
1.2,4,10,45,0.0,1.0,1.0
1.2,4,10,45,-0.5,1.264263672078163,1.193698539949602
1.2,4,10,45,-1.0,1.582273321863023,1.4463712840967793
1.2,4,10,45,-2.0,2.415084767504488,2.120779913486708
1.2,4,10,45,-4.0,5.1874412875774265,4.650054382368004
1.2,4,10,45,-6.0,10.282816224407696,9.995386153835797
1.2,4,10,46,0.5,0.7818921886213052,0.9245889105904073
1.2,4,10,46,0.0,1.0,1.0
1.2,4,10,46,-0.5,1.264263672078163,1.181796938073831
1.2,4,10,46,-1.0,1.582273321863023,1.4093172520737105
1.2,4,10,46,-2.0,2.415084767504488,2.0608160942868476
1.2,4,10,46,-4.0,5.1874412875774265,4.75841277232541
1.2,4,10,46,-6.0,10.282816224407696,11.478841459321169
1.2,4,10,47,0.5,0.7818921886213052,0.9117723787671334
1.2,4,10,47,0.0,1.0,1.0
1.2,4,10,47,-0.5,1.264263672078163,1.1497348136426833
1.2,4,10,47,-1.0,1.582273321863023,1.3276193027697087
1.2,4,10,47,-2.0,2.415084767504488,1.7844166636000698
1.2,4,10,47,-4.0,5.1874412875774265,3.5396781004117175
1.2,4,10,47,-6.0,10.282816224407696,7.814391800027341
1.2,4,10,48,0.5,0.7818921886213052,0.9096944636680265
1.2,4,10,48,0.0,1.0,1.0
1.2,4,10,48,-0.5,1.264263672078163,1.1500354212281299
1.2,4,10,48,-1.0,1.582273321863023,1.3422457481980359
1.2,4,10,48,-2.0,2.415084767504488,1.8907109867811218
1.2,4,10,48,-4.0,5.1874412875774265,4.3389106466394844
1.2,4,10,48,-6.0,10.282816224407696,10.588502908808676
1.2,4,10,49,0.5,0.7818921886213052,0.9037680092596508
1.2,4,10,49,0.0,1.0,1.0
1.2,4,10,49,-0.5,1.264263672078163,1.1684558397885119
1.2,4,10,49,-1.0,1.582273321863023,1.3740277409183468
1.2,4,10,49,-2.0,2.415084767504488,1.922280501163773
1.2,4,10,49,-4.0,5.1874412875774265,3.941330577181673
1.2,4,10,49,-6.0,10.282816224407696,8.834807236690894
1.5,4,10,0,0.5,0.6769483974617138,0.9048400501229779
1.5,4,10,0,0.0,1.0,1.0
1.5,4,10,0,-0.5,1.4360039925734578,1.28602532586037
1.5,4,10,0,-1.0,2.015035999061725,1.6815808683195683
1.5,4,10,0,-2.0,3.7558748925962315,2.9044079485714804
1.5,4,10,0,-4.0,11.150868673469775,8.639747748476228
1.5,4,10,0,-6.0,28.737348374899014,24.07146574091492
1.5,4,10,1,0.5,0.6769483974617138,0.9027117977606494
1.5,4,10,1,0.0,1.0,1.0
1.5,4,10,1,-0.5,1.4360039925734578,1.374322563471743
1.5,4,10,1,-1.0,2.015035999061725,1.9073652141768207
1.5,4,10,1,-2.0,3.7558748925962315,3.7581982893406924
1.5,4,10,1,-4.0,11.150868673469775,13.967874387184123
1.5,4,10,1,-6.0,28.737348374899014,47.32906550331889
1.5,4,10,2,0.5,0.6769483974617138,0.915195549870137
1.5,4,10,2,0.0,1.0,1.0
1.5,4,10,2,-0.5,1.4360039925734578,1.2188572533320372
1.5,4,10,2,-1.0,2.015035999061725,1.4897520053807178
1.5,4,10,2,-2.0,3.7558748925962315,2.2949414298437247
1.5,4,10,2,-4.0,11.150868673469775,5.437503353106587
1.5,4,10,2,-6.0,28.737348374899014,12.651086377384782
1.5,4,10,3,0.5,0.6769483974617138,0.8660881120838857
1.5,4,10,3,0.0,1.0,1.0
1.5,4,10,3,-0.5,1.4360039925734578,1.3623924193813446
1.5,4,10,3,-1.0,2.015035999061725,1.9467559437405266
1.5,4,10,3,-2.0,3.7558748925962315,4.176084656295955
1.5,4,10,3,-4.0,11.150868673469775,19.037286586356185
1.5,4,10,3,-6.0,28.737348374899014,46.736131498556034
1.5,4,10,4,0.5,0.6769483974617138,0.8715374443938585
1.5,4,10,4,0.0,1.0,1.0
1.5,4,10,4,-0.5,1.4360039925734578,1.3083522250722563
1.5,4,10,4,-1.0,2.015035999061725,1.9055134672277705
1.5,4,10,4,-2.0,3.7558748925962315,4.3057518092875116
1.5,4,10,4,-4.0,11.150868673469775,23.42087971100565
1.5,4,10,4,-6.0,28.737348374899014,87.00774933067197
1.5,4,10,5,0.5,0.6769483974617138,0.9110692904441685
1.5,4,10,5,0.0,1.0,1.0
1.5,4,10,5,-0.5,1.4360039925734578,1.189755312234208
1.5,4,10,5,-1.0,2.015035999061725,1.4224082250860948
1.5,4,10,5,-2.0,3.7558748925962315,2.0803015754606493
1.5,4,10,5,-4.0,11.150868673469775,4.742647207998441
1.5,4,10,5,-6.0,28.737348374899014,10.32303848740531
1.5,4,10,6,0.5,0.6769483974617138,0.88360186188488
1.5,4,10,6,0.0,1.0,1.0
1.5,4,10,6,-0.5,1.4360039925734578,1.2411438022579775
1.5,4,10,6,-1.0,2.015035999061725,1.5531539379919286
1.5,4,10,6,-2.0,3.7558748925962315,2.5040651014155912
1.5,4,10,6,-4.0,11.150868673469775,6.670894756624165
1.5,4,10,6,-6.0,28.737348374899014,17.765999327106314
1.5,4,10,7,0.5,0.6769483974617138,0.9047140741208493
1.5,4,10,7,0.0,1.0,1.0
1.5,4,10,7,-0.5,1.4360039925734578,1.2859840094101
1.5,4,10,7,-1.0,2.015035999061725,1.670340904311202
1.5,4,10,7,-2.0,3.7558748925962315,2.8021495869883113
1.5,4,10,7,-4.0,11.150868673469775,7.693865822019599
1.5,4,10,7,-6.0,28.737348374899014,19.58580532051257
1.5,4,10,8,0.5,0.6769483974617138,0.8991372238419225
1.5,4,10,8,0.0,1.0,1.0
1.5,4,10,8,-0.5,1.4360039925734578,1.2065024946369376
1.5,4,10,8,-1.0,2.015035999061725,1.478420191560393
1.5,4,10,8,-2.0,3.7558748925962315,2.3131831975434003
1.5,4,10,8,-4.0,11.150868673469775,6.017262983179142
1.5,4,10,8,-6.0,28.737348374899014,15.955143052228271
1.5,4,10,9,0.5,0.6769483974617138,0.8980174896788431
1.5,4,10,9,0.0,1.0,1.0
1.5,4,10,9,-0.5,1.4360039925734578,1.1996394562313724
1.5,4,10,9,-1.0,2.015035999061725,1.456237306885779
1.5,4,10,9,-2.0,3.7558748925962315,2.205214373293223
1.5,4,10,9,-4.0,11.150868673469775,5.842580769463199
1.5,4,10,9,-6.0,28.737348374899014,15.670421917110092
1.5,4,10,10,0.5,0.6769483974617138,0.8936003925793655
1.5,4,10,10,0.0,1.0,1.0
1.5,4,10,10,-0.5,1.4360039925734578,1.3411130869902315
1.5,4,10,10,-1.0,2.015035999061725,1.8887699994711784
1.5,4,10,10,-2.0,3.7558748925962315,4.090911537115748
1.5,4,10,10,-4.0,11.150868673469775,19.697384218637723
1.5,4,10,10,-6.0,28.737348374899014,52.02447654805445
1.5,4,10,11,0.5,0.6769483974617138,0.9005686200714123
1.5,4,10,11,0.0,1.0,1.0
1.5,4,10,11,-0.5,1.4360039925734578,1.33439315501008
1.5,4,10,11,-1.0,2.015035999061725,1.8866900079740094
1.5,4,10,11,-2.0,3.7558748925962315,3.7709036443888717
1.5,4,10,11,-4.0,11.150868673469775,14.123091157832034
1.5,4,10,11,-6.0,28.737348374899014,47.2382977711277
1.5,4,10,12,0.5,0.6769483974617138,0.9054132827147671
1.5,4,10,12,0.0,1.0,1.0
1.5,4,10,12,-0.5,1.4360039925734578,1.2058019211536979
1.5,4,10,12,-1.0,2.015035999061725,1.4735597858016012
1.5,4,10,12,-2.0,3.7558748925962315,2.278940033439084
1.5,4,10,12,-4.0,11.150868673469775,5.742984631200183
1.5,4,10,12,-6.0,28.737348374899014,13.915280256424463
1.5,4,10,13,0.5,0.6769483974617138,0.9183147419549864
1.5,4,10,13,0.0,1.0,1.0
1.5,4,10,13,-0.5,1.4360039925734578,1.1574500232984413
1.5,4,10,13,-1.0,2.015035999061725,1.3562967578878982
1.5,4,10,13,-2.0,3.7558748925962315,1.9341050609384784
1.5,4,10,13,-4.0,11.150868673469775,4.524841913186675
1.5,4,10,13,-6.0,28.737348374899014,10.835156976923555
1.5,4,10,14,0.5,0.6769483974617138,0.919672350860667
1.5,4,10,14,0.0,1.0,1.0
1.5,4,10,14,-0.5,1.4360039925734578,1.4383492370145943
1.5,4,10,14,-1.0,2.015035999061725,2.092468803658494
1.5,4,10,14,-2.0,3.7558748925962315,4.436140643776101
1.5,4,10,14,-4.0,11.150868673469775,18.320679944211097
1.5,4,10,14,-6.0,28.737348374899014,60.925159873563196
1.5,4,10,15,0.5,0.6769483974617138,0.8810383610600847
1.5,4,10,15,0.0,1.0,1.0
1.5,4,10,15,-0.5,1.4360039925734578,1.2113760925505968
1.5,4,10,15,-1.0,2.015035999061725,1.5171302179233008
1.5,4,10,15,-2.0,3.7558748925962315,2.630436486974142
1.5,4,10,15,-4.0,11.150868673469775,7.933894657878947
1.5,4,10,15,-6.0,28.737348374899014,20.54284632214171
1.5,4,10,16,0.5,0.6769483974617138,0.9024436213755257
1.5,4,10,16,0.0,1.0,1.0
1.5,4,10,16,-0.5,1.4360039925734578,1.3412378771591618
1.5,4,10,16,-1.0,2.015035999061725,1.8316526516306701
1.5,4,10,16,-2.0,3.7558748925962315,3.4023892577222896
1.5,4,10,16,-4.0,11.150868673469775,11.139333098889947
1.5,4,10,16,-6.0,28.737348374899014,33.023512048898695
1.5,4,10,17,0.5,0.6769483974617138,0.9216941393672754
1.5,4,10,17,0.0,1.0,1.0
1.5,4,10,17,-0.5,1.4360039925734578,1.4158952907341138
1.5,4,10,17,-1.0,2.015035999061725,2.1217735911097475
1.5,4,10,17,-2.0,3.7558748925962315,5.057637632605286
1.5,4,10,17,-4.0,11.150868673469775,28.833497549034167
1.5,4,10,17,-6.0,28.737348374899014,94.33022855985772
1.5,4,10,18,0.5,0.6769483974617138,0.9112576365766274
1.5,4,10,18,0.0,1.0,1.0
1.5,4,10,18,-0.5,1.4360039925734578,1.2480192034211457
1.5,4,10,18,-1.0,2.015035999061725,1.5957751171769323
1.5,4,10,18,-2.0,3.7558748925962315,2.688489730604417
1.5,4,10,18,-4.0,11.150868673469775,7.71159678608981
1.5,4,10,18,-6.0,28.737348374899014,20.922270622252675
1.5,4,10,19,0.5,0.6769483974617138,0.8847005631390745
1.5,4,10,19,0.0,1.0,1.0
1.5,4,10,19,-0.5,1.4360039925734578,1.3020404070822038
1.5,4,10,19,-1.0,2.015035999061725,1.7276132992323248
1.5,4,10,19,-2.0,3.7558748925962315,3.016224661513851
1.5,4,10,19,-4.0,11.150868673469775,8.727643932771937
1.5,4,10,19,-6.0,28.737348374899014,23.327696667289477
1.5,4,10,20,0.5,0.6769483974617138,0.8969277850673371
1.5,4,10,20,0.0,1.0,1.0
1.5,4,10,20,-0.5,1.4360039925734578,1.264595879346577
1.5,4,10,20,-1.0,2.015035999061725,1.6531051641278172
1.5,4,10,20,-2.0,3.7558748925962315,3.0305177999155712
1.5,4,10,20,-4.0,11.150868673469775,10.9357067575315
1.5,4,10,20,-6.0,28.737348374899014,38.09017384407785
1.5,4,10,21,0.5,0.6769483974617138,0.8984962819187021
1.5,4,10,21,0.0,1.0,1.0
1.5,4,10,21,-0.5,1.4360039925734578,1.2255463758759033
1.5,4,10,21,-1.0,2.015035999061725,1.5310746808320455
1.5,4,10,21,-2.0,3.7558748925962315,2.599989085828383
1.5,4,10,21,-4.0,11.150868673469775,8.046776936393938
1.5,4,10,21,-6.0,28.737348374899014,23.12606221662492
1.5,4,10,22,0.5,0.6769483974617138,0.8832151791756218
1.5,4,10,22,0.0,1.0,1.0
1.5,4,10,22,-0.5,1.4360039925734578,1.2738725400919146
1.5,4,10,22,-1.0,2.015035999061725,1.6727855293476477
1.5,4,10,22,-2.0,3.7558748925962315,3.1810915345368103
1.5,4,10,22,-4.0,11.150868673469775,12.106573593700213
1.5,4,10,22,-6.0,28.737348374899014,39.26315494949401
1.5,4,10,23,0.5,0.6769483974617138,0.8771404755692132
1.5,4,10,23,0.0,1.0,1.0
1.5,4,10,23,-0.5,1.4360039925734578,1.3270558064090008
1.5,4,10,23,-1.0,2.015035999061725,1.7481740159610661
1.5,4,10,23,-2.0,3.7558748925962315,3.0400208109502813
1.5,4,10,23,-4.0,11.150868673469775,8.497119550119532
1.5,4,10,23,-6.0,28.737348374899014,21.45421139172061
1.5,4,10,24,0.5,0.6769483974617138,0.9166548242937376
1.5,4,10,24,0.0,1.0,1.0
1.5,4,10,24,-0.5,1.4360039925734578,1.2494147143745808
1.5,4,10,24,-1.0,2.015035999061725,1.5682703394165483
1.5,4,10,24,-2.0,3.7558748925962315,2.44865841461118
1.5,4,10,24,-4.0,11.150868673469775,5.83388293071422
1.5,4,10,24,-6.0,28.737348374899014,12.907049350357603
1.5,4,10,25,0.5,0.6769483974617138,0.8719772570271908
1.5,4,10,25,0.0,1.0,1.0
1.5,4,10,25,-0.5,1.4360039925734578,1.2156101635114194
1.5,4,10,25,-1.0,2.015035999061725,1.5154161728797413
1.5,4,10,25,-2.0,3.7558748925962315,2.5502386563200496
1.5,4,10,25,-4.0,11.150868673469775,7.690687664913136
1.5,4,10,25,-6.0,28.737348374899014,22.17852875007545
1.5,4,10,26,0.5,0.6769483974617138,0.9004535605853051
1.5,4,10,26,0.0,1.0,1.0
1.5,4,10,26,-0.5,1.4360039925734578,1.275543529454871
1.5,4,10,26,-1.0,2.015035999061725,1.6686777832348043
1.5,4,10,26,-2.0,3.7558748925962315,3.22416200681987
1.5,4,10,26,-4.0,11.150868673469775,14.870818374954531
1.5,4,10,26,-6.0,28.737348374899014,52.26393083594874
1.5,4,10,27,0.5,0.6769483974617138,0.8761156047342459
1.5,4,10,27,0.0,1.0,1.0
1.5,4,10,27,-0.5,1.4360039925734578,1.2933874238197436
1.5,4,10,27,-1.0,2.015035999061725,1.7169583610251016
1.5,4,10,27,-2.0,3.7558748925962315,3.1626547773143825
1.5,4,10,27,-4.0,11.150868673469775,11.472377922802023
1.5,4,10,27,-6.0,28.737348374899014,40.026325184284545
1.5,4,10,28,0.5,0.6769483974617138,0.8967210041288429
1.5,4,10,28,0.0,1.0,1.0
1.5,4,10,28,-0.5,1.4360039925734578,1.2090892065115677
1.5,4,10,28,-1.0,2.015035999061725,1.481391466047775
1.5,4,10,28,-2.0,3.7558748925962315,2.4052671766044456
1.5,4,10,28,-4.0,11.150868673469775,6.573197529564128
1.5,4,10,28,-6.0,28.737348374899014,16.93961041091075
1.5,4,10,29,0.5,0.6769483974617138,0.8973227667871138
1.5,4,10,29,0.0,1.0,1.0
1.5,4,10,29,-0.5,1.4360039925734578,1.2023651026211
1.5,4,10,29,-1.0,2.015035999061725,1.461739647616665
1.5,4,10,29,-2.0,3.7558748925962315,2.2519003576218264
1.5,4,10,29,-4.0,11.150868673469775,6.130236192137646
1.5,4,10,29,-6.0,28.737348374899014,16.391855332709113
1.5,4,10,30,0.5,0.6769483974617138,0.8811050077618834
1.5,4,10,30,0.0,1.0,1.0
1.5,4,10,30,-0.5,1.4360039925734578,1.2003150518184396
1.5,4,10,30,-1.0,2.015035999061725,1.4605889708425315
1.5,4,10,30,-2.0,3.7558748925962315,2.3569222689815628
1.5,4,10,30,-4.0,11.150868673469775,7.200192757182509
1.5,4,10,30,-6.0,28.737348374899014,21.58255914615353
1.5,4,10,31,0.5,0.6769483974617138,0.8828654065278765
1.5,4,10,31,0.0,1.0,1.0
1.5,4,10,31,-0.5,1.4360039925734578,1.2120035551234056
1.5,4,10,31,-1.0,2.015035999061725,1.4847405006692795
1.5,4,10,31,-2.0,3.7558748925962315,2.4362017122669863
1.5,4,10,31,-4.0,11.150868673469775,7.740220824275997
1.5,4,10,31,-6.0,28.737348374899014,23.14971350035687
1.5,4,10,32,0.5,0.6769483974617138,0.9101933770510426
1.5,4,10,32,0.0,1.0,1.0
1.5,4,10,32,-0.5,1.4360039925734578,1.2374173852122259
1.5,4,10,32,-1.0,2.015035999061725,1.5625147851802386
1.5,4,10,32,-2.0,3.7558748925962315,2.5638229671294304
1.5,4,10,32,-4.0,11.150868673469775,6.920544899450774
1.5,4,10,32,-6.0,28.737348374899014,18.2846245615083
1.5,4,10,33,0.5,0.6769483974617138,0.9060829890695203
1.5,4,10,33,0.0,1.0,1.0
1.5,4,10,33,-0.5,1.4360039925734578,1.3382318666986062
1.5,4,10,33,-1.0,2.015035999061725,1.7982496239050738
1.5,4,10,33,-2.0,3.7558748925962315,3.2713258436810184
1.5,4,10,33,-4.0,11.150868673469775,10.230556959442037
1.5,4,10,33,-6.0,28.737348374899014,30.42256623024241
1.5,4,10,34,0.5,0.6769483974617138,0.8837712021143832
1.5,4,10,34,0.0,1.0,1.0
1.5,4,10,34,-0.5,1.4360039925734578,1.3026761475774054
1.5,4,10,34,-1.0,2.015035999061725,1.7102667551224524
1.5,4,10,34,-2.0,3.7558748925962315,2.9615521124441235
1.5,4,10,34,-4.0,11.150868673469775,8.523228220320092
1.5,4,10,34,-6.0,28.737348374899014,21.087041147346255
1.5,4,10,35,0.5,0.6769483974617138,0.9034433289515558
1.5,4,10,35,0.0,1.0,1.0
1.5,4,10,35,-0.5,1.4360039925734578,1.3627186058482708
1.5,4,10,35,-1.0,2.015035999061725,1.9026723962591368
1.5,4,10,35,-2.0,3.7558748925962315,3.782356478091365
1.5,4,10,35,-4.0,11.150868673469775,14.624791464074603
1.5,4,10,35,-6.0,28.737348374899014,50.18942433502802
1.5,4,10,36,0.5,0.6769483974617138,0.9081908991237797
1.5,4,10,36,0.0,1.0,1.0
1.5,4,10,36,-0.5,1.4360039925734578,1.2285702341231044
1.5,4,10,36,-1.0,2.015035999061725,1.581542744594893
1.5,4,10,36,-2.0,3.7558748925962315,2.686084746915573
1.5,4,10,36,-4.0,11.150868673469775,7.959288160712724
1.5,4,10,36,-6.0,28.737348374899014,22.842155384419364
1.5,4,10,37,0.5,0.6769483974617138,0.8878781198671497
1.5,4,10,37,0.0,1.0,1.0
1.5,4,10,37,-0.5,1.4360039925734578,1.2919046077795848
1.5,4,10,37,-1.0,2.015035999061725,1.828818924640113
1.5,4,10,37,-2.0,3.7558748925962315,3.878336950952177
1.5,4,10,37,-4.0,11.150868673469775,18.504057713053857
1.5,4,10,37,-6.0,28.737348374899014,71.26878900214885
1.5,4,10,38,0.5,0.6769483974617138,0.8971785464432291
1.5,4,10,38,0.0,1.0,1.0
1.5,4,10,38,-0.5,1.4360039925734578,1.3531852266662134
1.5,4,10,38,-1.0,2.015035999061725,1.8669918668892616
1.5,4,10,38,-2.0,3.7558748925962315,3.5772141782789966
1.5,4,10,38,-4.0,11.150868673469775,13.112615133752158
1.5,4,10,38,-6.0,28.737348374899014,43.55488979691064
1.5,4,10,39,0.5,0.6769483974617138,0.9124665441528177
1.5,4,10,39,0.0,1.0,1.0
1.5,4,10,39,-0.5,1.4360039925734578,1.3562043490560547
1.5,4,10,39,-1.0,2.015035999061725,1.8782215498785026
1.5,4,10,39,-2.0,3.7558748925962315,3.6962894777119506
1.5,4,10,39,-4.0,11.150868673469775,14.199076073668268
1.5,4,10,39,-6.0,28.737348374899014,50.0613600152689
1.5,4,10,40,0.5,0.6769483974617138,0.9055222448344328
1.5,4,10,40,0.0,1.0,1.0
1.5,4,10,40,-0.5,1.4360039925734578,1.2472088741266183
1.5,4,10,40,-1.0,2.015035999061725,1.5998855718404565
1.5,4,10,40,-2.0,3.7558748925962315,2.779002666235429
1.5,4,10,40,-4.0,11.150868673469775,8.548333231230064
1.5,4,10,40,-6.0,28.737348374899014,24.757122008806967
1.5,4,10,41,0.5,0.6769483974617138,0.8860664675290473
1.5,4,10,41,0.0,1.0,1.0
1.5,4,10,41,-0.5,1.4360039925734578,1.5150938746510256
1.5,4,10,41,-1.0,2.015035999061725,2.300808793055348
1.5,4,10,41,-2.0,3.7558748925962315,5.264790469771995
1.5,4,10,41,-4.0,11.150868673469775,23.992597760027383
1.5,4,10,41,-6.0,28.737348374899014,53.51004555588751
1.5,4,10,42,0.5,0.6769483974617138,0.889802441867925
1.5,4,10,42,0.0,1.0,1.0
1.5,4,10,42,-0.5,1.4360039925734578,1.2269055365354518
1.5,4,10,42,-1.0,2.015035999061725,1.6236257370910483
1.5,4,10,42,-2.0,3.7558748925962315,3.1942571688005073
1.5,4,10,42,-4.0,11.150868673469775,13.678511118664554
1.5,4,10,42,-6.0,28.737348374899014,54.51767142832579
1.5,4,10,43,0.5,0.6769483974617138,0.8263063754703007
1.5,4,10,43,0.0,1.0,1.0
1.5,4,10,43,-0.5,1.4360039925734578,1.387209366229844
1.5,4,10,43,-1.0,2.015035999061725,2.027144628084859
1.5,4,10,43,-2.0,3.7558748925962315,4.798311018133475
1.5,4,10,43,-4.0,11.150868673469775,25.95122472454003
1.5,4,10,43,-6.0,28.737348374899014,48.38956291956484
1.5,4,10,44,0.5,0.6769483974617138,0.9086024186354238
1.5,4,10,44,0.0,1.0,1.0
1.5,4,10,44,-0.5,1.4360039925734578,1.1875644575114723
1.5,4,10,44,-1.0,2.015035999061725,1.4175216881742978
1.5,4,10,44,-2.0,3.7558748925962315,2.1011918561132963
1.5,4,10,44,-4.0,11.150868673469775,4.800085231532416
1.5,4,10,44,-6.0,28.737348374899014,10.470757633962169
1.5,4,10,45,0.5,0.6769483974617138,0.9027850821765354
1.5,4,10,45,0.0,1.0,1.0
1.5,4,10,45,-0.5,1.4360039925734578,1.3235069045684837
1.5,4,10,45,-1.0,2.015035999061725,1.801688602035909
1.5,4,10,45,-2.0,3.7558748925962315,3.3249586256374877
1.5,4,10,45,-4.0,11.150868673469775,10.995981365448458
1.5,4,10,45,-6.0,28.737348374899014,33.60749223554796
1.5,4,10,46,0.5,0.6769483974617138,0.8909005236287824
1.5,4,10,46,0.0,1.0,1.0
1.5,4,10,46,-0.5,1.4360039925734578,1.3013585450775733
1.5,4,10,46,-1.0,2.015035999061725,1.7381163864037386
1.5,4,10,46,-2.0,3.7558748925962315,3.2642452523073726
1.5,4,10,46,-4.0,11.150868673469775,12.845198987831383
1.5,4,10,46,-6.0,28.737348374899014,48.451449894900136
1.5,4,10,47,0.5,0.6769483974617138,0.9053932205073314
1.5,4,10,47,0.0,1.0,1.0
1.5,4,10,47,-0.5,1.4360039925734578,1.246080962532274
1.5,4,10,47,-1.0,2.015035999061725,1.56054702356992
1.5,4,10,47,-2.0,3.7558748925962315,2.5222463489232076
1.5,4,10,47,-4.0,11.150868673469775,8.609532385685275
1.5,4,10,47,-6.0,28.737348374899014,28.99325771980251
1.5,4,10,48,0.5,0.6769483974617138,0.8847598307418233
1.5,4,10,48,0.0,1.0,1.0
1.5,4,10,48,-0.5,1.4360039925734578,1.2507641457895224
1.5,4,10,48,-1.0,2.015035999061725,1.6159670685188308
1.5,4,10,48,-2.0,3.7558748925962315,2.957394537171657
1.5,4,10,48,-4.0,11.150868673469775,11.792015335512389
1.5,4,10,48,-6.0,28.737348374899014,44.44290893968365
1.5,4,10,49,0.5,0.6769483974617138,0.9040019531263315
1.5,4,10,49,0.0,1.0,1.0
1.5,4,10,49,-0.5,1.4360039925734578,1.2780018441436924
1.5,4,10,49,-1.0,2.015035999061725,1.6521702341442974
1.5,4,10,49,-2.0,3.7558748925962315,2.8514753420819154
1.5,4,10,49,-4.0,11.150868673469775,9.852499451864482
1.5,4,10,49,-6.0,28.737348374899014,37.82365857291076
